Entity,Headcount,FTE,Female %,Male %,Female median age,Male median age,Agency median age,Age less than 20,Age 20 to 24,Age 25 to 29,Age 30 to 34,Age 35 to 39,Age 40 to 44,Age 45 to 49,Age 50 to 54,Age 55 to 59,Age 60 to 64,Age 65 and above,MeanSalary,MedianSalary,PSGOGA Equivalent Salary Bands Level 1 and below,PSGOGA Equivalent Salary Bands Level 2,PSGOGA Equivalent Salary Bands Level 3,PSGOGA Equivalent Salary Bands Level 4,PSGOGA Equivalent Salary Bands Level 5,PSGOGA Equivalent Salary Bands Level 6,PSGOGA Equivalent Salary Bands Level 7,PSGOGA Equivalent Salary Bands Level 8,PSGOGA Equivalent Salary Bands Level 9,PSGOGA Equivalent Salary Bands Class 1 and above,Appointment Type (Permanent Full Time),Appointment Type (Permanent Part Time),Appointment Type (Fixed-Term Full Time),Appointment Type (Fixed-Term Part Time),Appointment Type (TraineesFull Time),Appointment Type (TraineesPart Time),Appointment Type (Casuals),Appointment Type (Sessionals),Appointment Type (Others),Separations of permanent employees,Total Permanent employees throughout the financial  year,Separation rate for permanent employees,Region (Gascoyne),Region (Goldfields Esperance),Region (Great Southern),Region (Kimberley),Region (Mid West),Region (Peel),Region (Pilbara),Region (South West),Region (Wheatbelt),Region (Metropolitan),Region (Outside WA),ANZSCO Major Group (Managers),ANZSCO Major Group (Professionals),ANZSCO Major Group (Technicians and Trades Workers),ANZSCO Major Group (Community and Personal Service Workers),ANZSCO Major Group (Clerical and Administrative Workers),ANZSCO Major Group (Sales Workers),ANZSCO Major Group (Machinery Operators and Drivers),ANZSCO Major Group (Labourers),Tenure within agency (Mean - Years),Tenure within agency (Median - Years),Tenure within agency (Less than 1 year),Tenure within agency (1 to less than 2 years),Tenure within agency (2 to less than 3 years),Tenure within agency (3 to less than 4 years),Tenure within agency (4 to less than 5 years),Tenure within agency (5 to 9 years),Tenure within agency (10 to 14 years),Tenure within agency (15 to 19 years),Tenure within agency (20 to 24 years),Tenure within agency (25 to 29 years),Tenure within agency (30 to 34 years),Tenure within agency (35 years and above),No. of Women,% Women,% Women in SES,% Women in MT1,% Women in MT2,% Women in MT3,% Women in MT2&3,Women Equity Index,% Youth (Age <25),% Mature (Age ? 45),Indigenous Australian valid responses,Indigenous Australian % Valid responses,Indigenous Australian,Indigenous Australian Representation,Indigenous Australian Equity Index,People with culturally diverse background valid responses,People with culturally diverse background % Valid responses,Number of people with culturally diverse background,People with culturally diverse background Representation,People with culturally diverse background Equity Index,People with disability valid responses,People with disability  % Valid responses,Number of People with disability ,People with disability Representation,People with disability Equity Index,,
WA public sector,138440,109019,72.30%,27.70%,45.3,47.8,45.9,0.40%,4.00%,9.10%,10.60%,10.80%,12.60%,13.10%,13.70%,13.00%,8.60%,0.00%,82578.3,78826,17.70%,11.60%,9.70%,13.10%,14.20%,20.20%,6.60%,3.20%,1.50%,2.00%,43.70%,26.60%,10.80%,7.50%,0.10%,0.00%,10.30%,0.90%,0.20%,10371,110916,9.40%,0.60%,2.20%,2.90%,2.60%,2.50%,2.10%,2.00%,6.00%,3.20%,75.90%,0.10%,7.90%,48.80%,4.40%,16.30%,18.00%,0.50%,0.70%,3.50%,9.2,6.5,13.90%,7.80%,7.70%,7.10%,6.10%,23.40%,11.70%,10.20%,4.40%,3.90%,1.70%,2.00%,100128,72.30%,32.20%,27.30%,37.20%,41.30%,40.20%,72.6,4.40%,52.50%,87708,63.40%,2455,2.80%,41.6,81599,58.90%,10082,12.40%,96.1,87350,63.10%,1873,2.10%,101.7,0.00%,0.00%
Department of Agriculture and Food,1111,999,45.50%,54.50%,45,52.9,49,0.30%,2.60%,3.80%,8.40%,10.20%,12.50%,16.00%,15.20%,18.30%,9.90%,0.00%,92357.9,91701,4.20%,12.90%,13.20%,12.20%,12.80%,15.00%,16.20%,9.10%,3.60%,0.80%,71.60%,14.10%,6.80%,1.80%,0.00%,0.10%,0.10%,5.50%,0.00%,144,1105,13.00%,1.20%,4.10%,8.80%,4.70%,3.60%,0.60%,0.00%,8.00%,11.30%,57.60%,0.00%,12.20%,44.80%,27.60%,0.00%,14.50%,0.00%,0.00%,0.90%,14.3,10.9,9.50%,6.60%,3.60%,3.70%,3.60%,20.00%,13.00%,11.20%,6.90%,9.50%,5.80%,6.80%,506,45.50%,18.20%,0.00%,0.00%,33.30%,28.60%,66.5,2.90%,62.30%,1032,92.90%,14,1.40%,37.8,1080,97.20%,151,14.00%,89.7,1023,92.10%,18,1.80%,103.5,0.00%,0.00%
Art Gallery of Western Australia,66,53,71.20%,28.80%,46.8,52.1,46.9,0.00%,1.50%,4.50%,6.10%,13.60%,16.70%,13.60%,15.20%,15.20%,9.10%,0.00%,79950.6,71919,4.30%,26.00%,14.00%,13.10%,15.00%,16.10%,3.80%,5.70%,0.00%,1.90%,58.80%,14.70%,8.80%,10.30%,0.00%,0.00%,7.40%,0.00%,0.00%,7,57,12.30%,0.00%,0.00%,0.00%,0.00%,7.60%,0.00%,0.00%,0.00%,0.00%,92.40%,0.00%,20.90%,29.00%,17.30%,2.60%,26.80%,3.40%,0.00%,0.00%,10.5,8.5,5.90%,5.90%,5.90%,7.40%,4.40%,29.40%,22.10%,8.80%,0.00%,5.90%,2.90%,1.50%,47,71.20%,0.00%,0.00%,0.00%,50.00%,33.30%,88.1,1.50%,57.60%,53,80.30%,1,1.90%,175.1,54,81.80%,4,7.40%,468.8,47,71.20%,2,4.30%,19.4,0.00%,0.00%
Animal Resources Authority,71,44,73.20%,26.80%,31.9,39.1,32.9,1.40%,11.30%,25.40%,18.30%,12.70%,7.00%,5.60%,8.50%,4.20%,5.60%,0.00%,66392.7,62689,30.70%,23.20%,18.40%,14.00%,5.50%,4.20%,0.00%,0.00%,1.80%,2.30%,53.50%,19.70%,12.70%,1.40%,9.90%,0.00%,2.80%,0.00%,0.00%,5,57,8.80%,0.00%,0.00%,0.00%,0.00%,0.00%,0.00%,0.00%,0.00%,0.00%,100.00%,0.00%,8.50%,6.40%,72.00%,0.00%,8.70%,0.00%,0.00%,4.40%,7.2,6.7,12.70%,11.30%,7.00%,5.60%,2.80%,39.40%,11.30%,5.60%,0.00%,2.80%,1.40%,0.00%,52,73.20%,0.00%,100.00%,50.00%,76.90%,70.60%,80.7,12.70%,23.90%,71,100.00%,1,1.40%,3.7,71,100.00%,4,5.60%,406.7,71,100.00%,2,2.80%,12,0.00%,0.00%
Botanic Gardens and Parks Authority,153,119,52.90%,47.10%,42.5,44.5,43.1,2.60%,5.20%,9.20%,11.10%,13.70%,14.40%,12.40%,11.10%,8.50%,5.90%,10.00%,71791.8,62689,18.40%,26.30%,21.00%,3.90%,10.90%,5.90%,4.20%,4.40%,3.40%,1.70%,51.60%,11.10%,11.80%,7.80%,6.50%,0.00%,11.10%,0.00%,0.00%,12,108,11.10%,0.00%,0.00%,0.00%,0.00%,0.00%,0.00%,0.00%,0.00%,0.00%,100.00%,0.00%,14.60%,21.50%,42.00%,2.40%,8.90%,6.50%,0.00%,4.20%,9.5,6.4,15.00%,7.20%,9.80%,8.50%,3.30%,26.80%,9.20%,7.20%,3.30%,3.30%,1.30%,5.20%,81,52.90%,50.00%,0.00%,60.00%,42.90%,47.40%,77.4,7.80%,43.80%,152,99.30%,3,2.00%,9.3,152,99.30%,15,9.90%,74.2,152,99.30%,1,0.70%,2.7,0.00%,0.00%
Corruption and Crime Commission,147,143,54.40%,45.60%,41.4,50.2,44.9,0.00%,2.00%,6.80%,10.90%,10.20%,20.40%,15.60%,12.20%,14.30%,4.10%,0.00%,120148.3,117232,0.00%,2.40%,5.60%,13.30%,7.70%,14.80%,17.80%,20.00%,12.40%,6.10%,0.00%,6.80%,89.10%,0.70%,0.00%,0.00%,3.40%,0.00%,0.00%,0,10,0.00%,0.00%,0.00%,0.00%,0.00%,0.00%,0.00%,0.00%,0.00%,0.00%,100.00%,0.00%,14.70%,64.70%,0.70%,0.00%,20.00%,0.00%,0.00%,0.00%,5.6,4.8,17.70%,6.80%,12.20%,7.50%,8.20%,22.40%,25.20%,0.00%,0.00%,0.00%,0.00%,0.00%,80,54.40%,0.00%,0.00%,100.00%,0.00%,16.70%,79,2.00%,49.70%,147,100.00%,0,0.00%,N/A,147,100.00%,7,4.80%,59.9,147,100.00%,0,0.00%,N/A,0.00%,0.00%
Central IT,1179,885,63.40%,36.60%,50.2,51.4,50.7,0.70%,2.20%,4.20%,6.10%,8.70%,12.60%,13.40%,16.10%,15.00%,13.40%,10.00%,81227.9,83583,8.00%,15.40%,8.00%,8.30%,29.80%,24.70%,2.60%,2.60%,0.30%,0.50%,39.00%,17.30%,14.10%,13.00%,0.00%,0.30%,16.40%,0.00%,0.00%,65,730,8.90%,0.00%,0.00%,0.00%,0.00%,0.00%,0.00%,0.00%,0.00%,0.00%,100.00%,0.00%,7.30%,65.50%,6.00%,0.50%,19.90%,0.10%,0.10%,0.60%,8.8,6.8,10.70%,6.90%,7.80%,6.40%,6.20%,28.90%,13.70%,11.90%,3.50%,2.10%,1.10%,0.80%,748,63.40%,50.00%,0.00%,50.00%,53.30%,52.60%,89.1,2.90%,65.50%,1088,92.30%,14,1.30%,130.7,1154,97.90%,222,19.20%,74.1,1086,92.10%,29,2.70%,65.6,0.00%,0.00%
Challenger IT,812,646,56.70%,43.30%,47.2,51.2,49.2,0.70%,2.70%,5.30%,6.80%,9.90%,12.20%,15.80%,14.70%,15.90%,11.30%,0.00%,76444.3,71919,21.00%,12.60%,9.10%,10.00%,23.20%,16.20%,4.30%,2.80%,0.50%,0.30%,38.10%,8.70%,17.00%,8.30%,0.20%,0.10%,27.50%,0.00%,0.00%,57,440,13.00%,0.00%,0.00%,0.00%,0.00%,0.00%,4.70%,0.00%,0.00%,0.00%,95.20%,0.10%,10.20%,57.00%,1.80%,0.60%,27.00%,0.00%,2.00%,1.40%,7.4,5.1,14.40%,8.00%,8.80%,8.90%,9.50%,26.90%,9.70%,5.90%,4.80%,1.70%,0.50%,0.90%,460,56.70%,66.70%,100.00%,60.00%,42.30%,45.20%,89.8,3.40%,62.40%,754,92.90%,13,1.70%,34.7,782,96.30%,92,11.80%,134.4,769,94.70%,26,3.40%,84.3,0.00%,0.00%
Chemistry Centre (WA),119,115,50.40%,49.60%,37.1,43.6,40.2,0.80%,5.00%,13.40%,16.00%,14.30%,8.40%,11.80%,9.20%,10.90%,7.60%,0.00%,93413.6,87166,2.40%,14.00%,13.60%,10.50%,21.00%,11.90%,11.70%,3.50%,7.90%,3.50%,68.90%,6.70%,23.50%,0.80%,0.00%,0.00%,0.00%,0.00%,0.00%,6,96,6.30%,0.00%,0.00%,0.00%,0.00%,0.00%,0.00%,0.00%,0.00%,0.00%,100.00%,0.00%,13.10%,54.20%,23.90%,0.00%,8.70%,0.00%,0.00%,0.00%,5.8,7.8,7.60%,5.90%,7.60%,7.60%,5.90%,65.50%,0.00%,0.00%,0.00%,0.00%,0.00%,0.00%,60,50.40%,0.00%,0.00%,0.00%,0.00%,0.00%,58.8,5.90%,42.00%,115,96.60%,0,0.00%,N/A,116,97.50%,26,22.40%,72,113,95.00%,4,3.50%,130,0.00%,0.00%
Country High School Hostels Authority,150,109,66.70%,33.30%,51.5,47.3,50.2,0.00%,2.00%,7.30%,6.00%,10.00%,8.70%,15.30%,15.30%,14.00%,14.00%,10.00%,50360.4,46164,81.00%,14.60%,2.80%,0.00%,0.00%,0.00%,0.00%,1.70%,0.00%,0.00%,36.70%,37.30%,10.10%,7.60%,0.00%,0.00%,8.20%,0.00%,0.00%,30,147,20.40%,0.00%,9.30%,12.70%,10.70%,12.00%,0.00%,0.00%,0.00%,38.70%,16.70%,0.00%,9.90%,0.00%,14.80%,47.30%,9.10%,0.00%,0.00%,18.90%,6.7,4.7,21.50%,8.20%,12.00%,5.10%,5.70%,20.90%,14.60%,7.60%,2.50%,1.90%,0.00%,0.00%,100,66.70%,0.00%,0.00%,100.00%,22.20%,30.00%,78.4,2.00%,66.00%,97,64.70%,2,2.10%,79.5,89,59.30%,6,6.70%,46.6,96,64.00%,0,0.00%,N/A,0.00%,0.00%
Department of Commerce,853,778,57.20%,42.80%,44.8,50.1,47,0.00%,1.90%,9.00%,10.20%,11.60%,12.00%,13.50%,14.20%,14.80%,9.40%,0.00%,92159.7,91701,4.10%,15.60%,12.10%,10.80%,20.30%,15.40%,10.50%,5.50%,3.40%,2.40%,75.40%,14.50%,8.80%,0.80%,0.00%,0.00%,0.00%,0.00%,0.50%,59,840,7.00%,0.00%,0.10%,0.40%,0.40%,0.60%,0.00%,0.40%,1.60%,0.00%,96.60%,0.00%,11.20%,23.60%,11.90%,0.00%,53.10%,0.30%,0.00%,0.00%,8.3,6.7,7.30%,5.20%,4.80%,7.90%,10.20%,38.60%,13.50%,4.90%,3.30%,3.00%,0.80%,0.60%,488,57.20%,37.50%,100.00%,40.00%,41.40%,41.00%,72.2,1.90%,55.30%,592,69.40%,6,1.00%,39.3,685,80.30%,100,14.60%,81.3,318,37.30%,30,9.40%,63.2,0.00%,0.00%
Department for Child Protection and Family Support,2571,2215,82.50%,17.50%,42.1,45.7,42.9,0.20%,3.90%,12.10%,13.70%,13.10%,12.30%,11.70%,12.30%,11.70%,6.20%,0.00%,85926.2,87166,3.10%,17.00%,15.70%,7.00%,20.80%,21.50%,10.20%,2.50%,1.90%,0.50%,67.40%,20.20%,9.50%,2.90%,0.00%,0.00%,0.00%,0.00%,0.00%,195,2461,7.90%,0.70%,3.00%,2.20%,7.00%,3.20%,3.70%,3.90%,5.40%,3.50%,67.50%,0.00%,7.10%,59.30%,0.80%,16.50%,16.30%,0.00%,0.00%,0.00%,7,5.3,11.80%,9.30%,7.50%,10.00%,8.60%,34.70%,7.80%,3.40%,2.50%,2.30%,1.20%,0.90%,2121,82.50%,72.70%,100.00%,66.70%,61.30%,61.80%,91.2,4.20%,44.60%,2555,99.40%,199,7.80%,52.1,2558,99.50%,334,13.10%,92.8,2416,94.00%,25,1.00%,238.1,0.00%,0.00%
CY O'Connor IT,126,109,65.10%,34.90%,49.6,57.9,51.8,0.00%,2.40%,4.80%,4.00%,11.10%,8.70%,12.70%,13.50%,21.40%,15.90%,10.00%,84315.9,84677,5.70%,10.90%,10.80%,11.80%,32.50%,21.10%,3.70%,2.70%,0.00%,0.90%,69.00%,12.70%,5.60%,9.50%,0.00%,0.00%,3.20%,0.00%,0.00%,12,115,10.40%,0.00%,0.00%,0.00%,0.00%,0.00%,0.00%,0.00%,0.00%,100.00%,0.00%,0.00%,11.40%,64.30%,0.70%,3.30%,17.50%,0.90%,0.90%,0.90%,8.5,7.4,8.70%,7.90%,3.20%,7.90%,10.30%,27.00%,16.70%,14.30%,4.00%,0.00%,0.00%,0.00%,82,65.10%,0.00%,0.00%,66.70%,33.30%,41.70%,67,2.40%,69.00%,121,96.00%,6,5.00%,35.7,126,100.00%,15,11.90%,101.2,120,95.20%,1,0.80%,6.8,0.00%,0.00%
Department of Aboriginal Affairs,140,128,61.40%,38.60%,43.4,47.2,44.9,1.40%,2.90%,7.10%,7.90%,15.00%,15.70%,14.30%,12.10%,12.10%,7.10%,0.00%,106850.6,106917,0.00%,11.10%,3.90%,5.30%,18.60%,19.60%,13.60%,18.00%,3.10%,6.80%,76.40%,9.30%,12.90%,0.70%,0.00%,0.70%,0.00%,0.00%,0.00%,13,137,9.50%,0.00%,0.70%,1.40%,5.70%,4.30%,0.00%,2.10%,0.00%,0.00%,85.70%,0.00%,32.10%,21.10%,0.00%,0.00%,46.80%,0.00%,0.00%,0.00%,6.3,5.1,9.30%,10.00%,7.90%,12.10%,9.30%,32.90%,9.30%,7.10%,2.10%,0.00%,0.00%,0.00%,86,61.40%,33.30%,0.00%,40.00%,59.10%,53.10%,80.4,4.30%,50.00%,140,100.00%,38,27.10%,61.6,138,98.60%,18,13.00%,116.3,138,98.60%,2,1.40%,31,0.00%,0.00%
Drug and Alcohol Office,264,201,73.50%,26.50%,45.5,47.4,46.3,0.00%,2.30%,7.20%,11.40%,12.90%,12.90%,18.20%,8.70%,10.60%,11.00%,0.00%,97097,87583,6.60%,8.60%,5.40%,12.10%,28.70%,16.00%,10.40%,2.20%,3.90%,6.20%,44.70%,20.10%,14.40%,8.70%,0.00%,0.00%,10.20%,1.90%,0.00%,9,181,5.00%,0.00%,0.00%,0.00%,0.00%,0.00%,0.00%,0.00%,0.00%,0.00%,100.00%,0.00%,15.10%,55.70%,1.40%,3.60%,22.60%,0.00%,0.00%,1.50%,7.9,6.5,13.60%,7.60%,11.70%,8.00%,3.00%,26.10%,16.30%,7.20%,1.10%,3.40%,1.10%,0.80%,194,73.50%,40.00%,0.00%,37.50%,81.80%,70.00%,90.7,2.30%,53.40%,212,80.30%,10,4.70%,70.5,206,78.00%,31,15.00%,97.9,225,85.20%,3,1.30%,225.5,0.00%,0.00%
Department of Culture and the Arts,156,142,61.50%,38.50%,44.1,49.9,46.5,0.60%,1.90%,9.00%,10.30%,12.20%,9.60%,16.70%,16.00%,12.20%,9.60%,0.00%,94746.7,91701,3.70%,8.90%,12.60%,10.80%,15.20%,25.70%,12.00%,6.30%,2.10%,2.80%,68.80%,11.50%,12.10%,7.00%,0.00%,0.60%,0.00%,0.00%,0.00%,12,139,8.60%,0.00%,0.00%,0.00%,0.00%,0.00%,0.00%,0.00%,0.00%,0.00%,100.00%,0.00%,25.90%,24.90%,2.10%,0.00%,47.00%,0.00%,0.00%,0.00%,7.8,6.6,11.50%,12.70%,12.10%,6.40%,2.50%,25.50%,12.10%,10.80%,2.50%,1.30%,1.30%,1.30%,96,61.50%,33.30%,0.00%,50.00%,20.00%,40.00%,80,2.60%,56.40%,141,90.40%,2,1.40%,56.1,149,95.50%,27,18.10%,99.8,136,87.20%,4,2.90%,114,0.00%,0.00%
Department of Corrective Services,4437,4149,44.90%,55.10%,46.8,50.4,48.8,0.10%,2.00%,5.50%,8.80%,9.50%,13.20%,15.10%,16.70%,14.70%,10.30%,0.00%,82289.4,79316,3.40%,10.00%,10.60%,40.50%,19.20%,9.40%,4.40%,1.30%,0.50%,0.80%,84.60%,7.80%,4.80%,1.20%,0.80%,0.00%,0.20%,0.50%,0.00%,348,4461,7.80%,0.20%,3.30%,6.20%,6.10%,5.50%,4.00%,3.60%,5.30%,0.50%,65.40%,0.00%,6.00%,14.30%,0.80%,65.50%,12.00%,0.20%,0.70%,0.40%,8.2,7.6,7.00%,6.30%,6.00%,4.50%,5.00%,51.60%,9.10%,4.50%,2.40%,2.00%,0.90%,0.60%,1993,44.90%,33.30%,0.00%,42.90%,31.30%,34.80%,104.6,2.10%,61.00%,2810,63.30%,223,7.90%,59.7,2875,64.80%,319,11.10%,117.5,3193,72.00%,272,8.50%,66.5,0.00%,0.00%
Department of Environment Regulation,340,307,59.10%,40.90%,38.8,45.4,42.2,0.00%,1.20%,11.80%,17.10%,12.90%,15.90%,15.30%,10.30%,9.40%,3.80%,0.00%,99899.7,98711,0.30%,4.40%,10.70%,8.40%,18.90%,24.70%,16.60%,10.80%,3.50%,1.60%,71.80%,18.80%,7.60%,1.80%,0.00%,0.00%,0.00%,0.00%,0.00%,24,333,7.20%,0.00%,1.50%,2.10%,0.90%,2.10%,0.00%,2.60%,1.80%,0.00%,89.10%,0.00%,14.70%,57.70%,0.20%,0.00%,27.40%,0.00%,0.00%,0.00%,7.1,6.3,7.60%,10.90%,5.30%,10.00%,8.20%,39.70%,10.90%,2.90%,0.90%,2.60%,0.30%,0.60%,201,59.10%,42.90%,0.00%,62.50%,38.10%,44.80%,81.8,1.20%,41.20%,333,97.90%,1,0.30%,76.4,331,97.40%,36,10.90%,77.8,314,92.40%,5,1.60%,88,0.00%,0.00%
Department of Education Services,108,97,63.90%,36.10%,46.2,48.4,47.4,0.00%,0.90%,5.60%,10.20%,13.00%,13.00%,13.90%,15.70%,12.00%,12.00%,0.00%,102442.6,101562.5,0.80%,7.00%,13.40%,9.90%,12.30%,15.20%,20.90%,14.40%,3.10%,3.10%,71.30%,16.70%,8.30%,3.70%,0.00%,0.00%,0.00%,0.00%,0.00%,6,102,5.90%,0.00%,0.00%,0.00%,0.00%,0.00%,0.00%,0.00%,0.00%,0.00%,100.00%,0.00%,30.60%,38.20%,0.00%,0.00%,31.30%,0.00%,0.00%,0.00%,7.4,6.5,5.60%,3.70%,23.10%,4.60%,0.90%,36.10%,13.90%,10.20%,0.00%,0.90%,0.90%,0.00%,69,63.90%,0.00%,0.00%,20.00%,44.40%,39.10%,69.3,0.90%,57.40%,103,95.40%,1,1.00%,22.4,90,83.30%,14,15.60%,64.2,99,91.70%,2,2.00%,18.3,0.00%,0.00%
Department of Fire and Emergency Services,1597,1519,18.40%,81.60%,41.7,44.7,44.1,0.30%,1.90%,8.20%,12.00%,14.00%,17.30%,14.60%,15.20%,12.30%,3.30%,0.00%,97231.9,93330,0.50%,3.00%,2.30%,11.30%,44.10%,21.70%,6.10%,8.90%,1.40%,0.60%,91.70%,3.80%,2.40%,1.40%,0.60%,0.00%,0.10%,0.00%,0.00%,57,1582,3.60%,0.00%,2.10%,2.40%,0.80%,2.40%,1.30%,0.60%,4.30%,0.90%,85.30%,0.10%,13.90%,10.80%,3.10%,62.50%,9.70%,0.00%,0.00%,0.00%,12.1,8.8,9.70%,6.20%,6.10%,6.00%,5.30%,21.00%,11.60%,8.50%,10.80%,8.00%,4.10%,2.50%,294,18.40%,20.00%,0.00%,0.00%,36.80%,25.90%,104.8,2.30%,46.30%,1348,84.40%,47,3.50%,62.9,1341,84.00%,68,5.10%,109.2,424,26.50%,6,1.40%,60.1,0.00%,0.00%
Department of Local Government and Communities,337,301,78.00%,22.00%,45.5,49.8,46.7,0.90%,0.60%,9.80%,11.60%,11.90%,9.20%,13.60%,15.70%,12.20%,11.30%,0.00%,90708.1,85771,2.60%,6.90%,9.40%,23.60%,20.60%,16.70%,12.30%,4.20%,1.70%,2.00%,71.50%,15.70%,9.20%,2.10%,0.00%,0.90%,0.60%,0.00%,0.00%,15,309,4.90%,0.90%,0.90%,0.60%,0.60%,0.60%,1.50%,0.30%,0.90%,1.20%,92.60%,0.00%,16.60%,28.70%,1.00%,17.30%,36.40%,0.00%,0.00%,0.00%,6.5,4.9,20.50%,7.40%,7.40%,6.80%,8.30%,33.60%,5.40%,4.80%,1.80%,2.70%,0.60%,0.60%,263,78.00%,75.00%,100.00%,66.70%,40.00%,47.60%,81.6,1.50%,56.10%,289,85.80%,19,6.60%,23.5,290,86.10%,41,14.10%,82.3,275,81.60%,10,3.60%,115.1,0.00%,0.00%
Department of Mines and Petroleum,855,800,48.30%,51.70%,46.6,51,48.4,0.20%,3.40%,5.00%,11.70%,9.60%,11.30%,12.40%,15.70%,14.90%,9.20%,10.00%,97171.9,92326,0.60%,10.50%,11.70%,12.40%,14.50%,18.30%,14.30%,12.10%,3.50%,2.00%,75.40%,8.80%,14.10%,1.40%,0.00%,0.20%,0.10%,0.00%,0.00%,48,768,6.30%,0.00%,4.70%,0.00%,0.10%,0.50%,0.00%,0.90%,0.90%,0.20%,92.60%,0.00%,9.70%,39.80%,16.50%,0.00%,34.00%,0.00%,0.00%,0.00%,10.2,6.5,9.50%,6.00%,8.60%,10.90%,8.10%,25.70%,8.90%,4.80%,4.10%,5.60%,3.40%,4.60%,413,48.30%,27.30%,0.00%,20.00%,20.70%,20.60%,67.7,3.60%,58.70%,771,90.20%,19,2.50%,30.8,825,96.50%,165,20.00%,92,768,89.80%,22,2.90%,66.6,0.00%,0.00%
Department of the Attorney General,1723,1522,68.00%,32.00%,43.4,46.8,44.6,1.30%,6.50%,10.70%,13.10%,8.80%,10.70%,10.40%,12.80%,13.10%,9.20%,0.00%,88847.5,74587,2.50%,28.30%,7.30%,12.80%,13.50%,17.70%,6.50%,4.20%,1.50%,5.80%,71.90%,15.40%,10.00%,1.40%,0.40%,0.20%,0.70%,0.00%,0.00%,96,1605,6.00%,0.30%,1.00%,0.70%,1.10%,0.50%,0.60%,0.70%,1.60%,0.80%,92.70%,0.00%,11.30%,21.60%,2.80%,1.90%,62.30%,0.00%,0.00%,0.10%,11.4,8.2,7.40%,5.70%,4.80%,6.10%,5.30%,30.70%,13.20%,8.20%,6.60%,5.00%,2.70%,4.20%,1172,68.00%,33.30%,100.00%,28.60%,46.80%,42.60%,77.2,7.80%,49.00%,1082,62.80%,50,4.60%,37.9,1098,63.70%,163,14.80%,75.2,1212,70.30%,38,3.10%,72.4,0.00%,0.00%
Department of Parks and Wildlife,1625,1401,43.70%,56.30%,42.2,48.6,45.8,0.40%,2.90%,6.90%,11.30%,13.40%,12.50%,13.00%,14.50%,13.70%,8.70%,0.00%,76953.2,71919,18.80%,17.10%,14.50%,11.30%,16.30%,9.60%,6.70%,4.10%,1.00%,0.60%,65.70%,10.80%,12.70%,2.00%,0.70%,0.00%,8.10%,0.00%,0.00%,137,1395,9.80%,4.60%,2.30%,5.20%,6.00%,2.00%,3.80%,2.50%,24.20%,4.90%,44.50%,0.00%,9.10%,42.50%,6.00%,21.70%,18.00%,0.50%,0.20%,2.00%,12.8,9,4.60%,5.40%,6.80%,5.90%,5.40%,26.10%,15.40%,9.30%,4.50%,6.20%,4.80%,5.80%,710,43.70%,10.00%,0.00%,12.50%,6.90%,8.10%,65.6,3.30%,52.70%,1344,82.70%,59,4.40%,20,1366,84.10%,107,7.80%,101.1,1473,90.60%,41,2.80%,114,0.00%,0.00%
Department of the Premier and Cabinet,543,456,60.80%,39.20%,39.8,47.2,44.1,1.30%,4.80%,12.00%,13.60%,12.20%,9.60%,10.90%,12.00%,13.40%,7.00%,0.00%,101595,91701,3.10%,15.40%,13.50%,9.80%,15.10%,10.90%,12.00%,9.00%,2.00%,9.20%,58.40%,6.40%,23.40%,3.30%,0.00%,0.70%,0.00%,0.00%,7.70%,38,400,9.50%,0.00%,0.00%,0.00%,0.00%,0.00%,0.00%,0.00%,0.00%,0.00%,99.60%,0.40%,15.10%,37.30%,3.90%,0.00%,40.20%,0.20%,3.30%,0.00%,5.9,4.1,14.60%,9.40%,12.50%,12.50%,13.30%,19.40%,8.10%,5.70%,2.80%,1.30%,0.20%,0.20%,330,60.80%,20.00%,0.00%,25.80%,45.20%,35.50%,81.1,6.10%,46.60%,436,80.30%,10,2.30%,63,445,82.00%,57,12.80%,68.4,433,79.70%,15,3.50%,24.5,0.00%,0.00%
Office of the Director of Public Prosecutions,264,237,60.20%,39.80%,37.9,43.1,39.1,1.50%,3.80%,16.30%,13.30%,16.70%,12.50%,12.50%,7.60%,9.10%,5.70%,0.00%,114465.3,84789,1.20%,18.60%,18.20%,7.00%,12.00%,5.00%,3.90%,8.00%,4.10%,22.00%,67.00%,18.90%,12.10%,1.10%,0.00%,0.80%,0.00%,0.00%,0.00%,10,238,4.20%,0.00%,0.00%,0.00%,0.00%,0.00%,0.00%,0.00%,0.00%,0.00%,100.00%,0.00%,2.10%,48.50%,1.70%,0.00%,47.80%,0.00%,0.00%,0.00%,8.5,6.9,9.10%,7.60%,6.80%,6.80%,8.00%,31.10%,16.30%,6.80%,3.00%,1.50%,1.50%,1.50%,159,60.20%,0.00%,0.00%,0.00%,0.00%,0.00%,91.6,5.30%,36.00%,110,41.70%,1,0.90%,14.4,127,48.10%,19,15.00%,95.4,102,38.60%,13,12.70%,96.9,0.00%,0.00%
Department of Regional Development,162,149,61.70%,38.30%,42.5,45.9,44.8,1.90%,3.70%,6.80%,16.00%,13.00%,8.60%,22.80%,11.10%,9.90%,4.90%,0.00%,101998,99854,1.40%,1.70%,10.10%,6.20%,24.30%,18.90%,21.30%,10.60%,1.30%,4.00%,60.50%,13.60%,22.80%,1.90%,0.00%,1.20%,0.00%,0.00%,0.00%,13,143,9.10%,0.60%,0.00%,0.00%,0.00%,0.00%,0.60%,0.00%,0.60%,1.20%,96.90%,0.00%,24.20%,37.60%,0.00%,0.00%,38.20%,0.00%,0.00%,0.00%,5.9,3.6,21.00%,11.70%,9.30%,11.70%,7.40%,24.10%,7.40%,1.20%,0.60%,2.50%,2.50%,0.60%,100,61.70%,40.00%,0.00%,50.00%,23.10%,33.30%,76.2,5.60%,50.00%,91,56.20%,4,4.40%,150.8,51,31.50%,8,15.70%,76.9,13,8.00%,1,7.70%,56,0.00%,0.00%
Disability Services Commission,1844,1564,67.90%,32.10%,49.6,52.6,50.6,0.20%,1.60%,4.80%,8.80%,10.20%,11.30%,11.70%,15.30%,16.30%,12.50%,10.00%,75922.5,65988,9.00%,37.60%,8.40%,11.90%,14.30%,9.60%,6.10%,2.40%,0.30%,0.60%,67.90%,19.40%,4.10%,2.50%,0.10%,0.10%,5.60%,0.00%,0.20%,140,1753,8.00%,0.00%,0.40%,0.90%,0.50%,0.50%,1.60%,0.50%,2.50%,0.70%,92.40%,0.00%,8.30%,29.20%,1.20%,49.20%,9.70%,0.00%,0.00%,2.40%,10.5,7.5,11.40%,5.00%,6.00%,6.00%,6.10%,25.10%,15.00%,8.70%,6.10%,6.60%,2.70%,1.60%,1252,67.90%,53.80%,0.00%,63.60%,55.00%,58.10%,99.8,1.70%,63.10%,1469,79.70%,12,0.80%,28.7,1273,69.00%,262,20.60%,58.4,1653,89.60%,39,2.40%,90.7,0.00%,0.00%
Department of State Development,172,159,55.80%,44.20%,42.9,48.9,46.8,0.00%,0.60%,15.10%,11.60%,8.70%,10.50%,13.40%,13.40%,12.20%,8.70%,10.00%,111845.2,112902,0.60%,1.90%,12.20%,6.00%,16.80%,9.40%,23.40%,17.90%,4.20%,7.60%,79.10%,12.20%,8.10%,0.60%,0.00%,0.00%,0.00%,0.00%,0.00%,18,176,10.20%,0.00%,0.00%,0.00%,0.00%,0.00%,0.00%,0.00%,0.00%,0.00%,98.30%,1.70%,33.50%,21.70%,0.00%,0.00%,44.80%,0.00%,0.00%,0.00%,4.9,4.9,7.60%,7.60%,7.00%,15.70%,12.80%,48.30%,0.00%,0.00%,0.00%,1.20%,0.00%,0.00%,96,55.80%,33.30%,0.00%,33.30%,27.30%,30.00%,80.8,0.60%,53.50%,159,92.40%,2,1.30%,34.9,159,92.40%,24,15.10%,69.1,160,93.00%,2,1.30%,242.8,0.00%,0.00%
State Heritage Office,32,29,78.10%,21.90%,40.5,45.8,40.8,0.00%,3.10%,9.40%,18.80%,12.50%,18.80%,15.60%,18.80%,3.10%,0.00%,0.00%,100203,91701,0.00%,3.40%,12.40%,0.00%,42.80%,10.30%,3.40%,24.10%,0.00%,3.40%,81.30%,12.50%,6.30%,0.00%,0.00%,0.00%,0.00%,0.00%,0.00%,2,32,6.30%,0.00%,0.00%,0.00%,0.00%,0.00%,0.00%,0.00%,0.00%,0.00%,100.00%,0.00%,27.60%,49.70%,0.00%,0.00%,22.80%,0.00%,0.00%,0.00%,6,5.6,3.10%,12.50%,12.50%,9.40%,3.10%,46.90%,9.40%,0.00%,3.10%,0.00%,0.00%,0.00%,25,78.10%,0.00%,0.00%,80.00%,50.00%,71.40%,73.2,3.10%,37.50%,20,62.50%,0,0.00%,N/A,20,62.50%,1,5.00%,111.2,18,56.30%,1,5.60%,451.3,0.00%,0.00%
Department of Sport and Recreation,221,176,50.20%,49.80%,39.5,43.1,40.3,2.30%,6.80%,12.70%,12.20%,15.40%,12.70%,12.70%,12.70%,5.00%,4.50%,0.00%,84275.9,78826,4.90%,16.30%,9.80%,13.40%,16.90%,19.30%,8.20%,6.80%,1.10%,3.40%,51.60%,10.90%,18.60%,5.00%,0.50%,0.90%,12.70%,0.00%,0.00%,11,149,7.40%,1.40%,1.40%,3.20%,1.40%,1.80%,2.30%,1.40%,1.40%,1.80%,84.20%,0.00%,21.70%,20.00%,2.20%,5.10%,48.70%,0.00%,0.00%,2.30%,7.7,6.3,10.00%,7.20%,9.50%,8.60%,7.70%,33.50%,10.90%,5.40%,2.70%,2.70%,1.40%,0.50%,111,50.20%,0.00%,0.00%,14.30%,20.00%,18.20%,60.9,9.00%,38.00%,202,91.40%,6,3.00%,42.2,209,94.60%,16,7.70%,92,199,90.00%,8,4.00%,199.9,0.00%,0.00%
Department of Training and Workforce Development,554,501,65.00%,35.00%,44.5,46,44.9,0.40%,3.40%,9.70%,11.20%,15.00%,10.60%,14.10%,13.00%,15.90%,4.70%,0.00%,93667.9,91701,1.00%,12.50%,14.70%,11.00%,12.50%,23.90%,14.50%,6.30%,2.40%,1.20%,72.90%,12.50%,11.30%,2.10%,0.70%,0.20%,0.40%,0.00%,0.00%,56,538,10.40%,0.00%,0.50%,0.40%,0.40%,0.20%,0.20%,0.20%,0.50%,2.50%,95.10%,0.00%,19.50%,31.20%,0.00%,0.00%,49.30%,0.00%,0.00%,0.00%,7.1,6.4,5.70%,7.10%,10.50%,9.30%,9.60%,29.80%,22.90%,3.20%,0.20%,0.90%,0.40%,0.40%,360,65.00%,31.30%,100.00%,16.70%,50.00%,42.30%,76.2,3.80%,49.60%,503,90.80%,18,3.60%,75.2,461,83.20%,73,15.80%,64.8,503,90.80%,8,1.60%,39.7,0.00%,0.00%
Durack IT,296,226,65.90%,34.10%,44.4,49.9,45.8,0.00%,1.40%,7.40%,8.40%,12.20%,17.20%,13.50%,14.20%,12.50%,9.50%,0.00%,75700.6,74660.5,20.00%,9.30%,11.40%,15.20%,17.10%,21.10%,4.20%,1.30%,0.00%,0.40%,32.10%,12.80%,25.30%,10.10%,0.00%,0.00%,19.60%,0.00%,0.00%,6,139,4.30%,10.80%,0.00%,0.00%,0.00%,89.20%,0.00%,0.00%,0.00%,0.00%,0.00%,0.00%,10.40%,57.90%,8.20%,2.90%,19.10%,0.00%,0.90%,0.70%,6.6,4.5,20.30%,8.10%,8.10%,9.50%,8.80%,22.00%,9.10%,9.80%,3.70%,0.70%,0.00%,0.00%,195,65.90%,0.00%,100.00%,0.00%,50.00%,42.10%,80,1.40%,53.40%,292,98.60%,12,4.10%,48.3,294,99.30%,16,5.40%,75.5,290,98.00%,6,2.10%,35.4,0.00%,0.00%
Deparment of Education,48963,35877,82.60%,17.40%,46.3,49.7,46.7,0.30%,3.80%,7.60%,8.90%,10.20%,13.80%,14.40%,14.00%,13.60%,9.00%,0.00%,76050.7,77877,30.30%,5.10%,6.80%,7.20%,8.00%,33.60%,6.00%,1.70%,1.30%,0.10%,34.70%,34.40%,7.60%,9.60%,0.00%,0.00%,13.30%,0.00%,0.40%,2926,39767,7.40%,0.50%,3.10%,3.30%,2.60%,2.90%,4.30%,2.80%,8.30%,4.60%,67.50%,0.10%,8.70%,53.50%,2.50%,21.30%,9.00%,0.00%,0.00%,5.00%,10.6,7.8,12.00%,7.50%,7.20%,6.20%,5.10%,18.50%,12.60%,16.30%,5.50%,4.80%,1.90%,2.50%,40425,82.60%,30.80%,100.00%,20.00%,36.80%,33.30%,78,4.20%,55.20%,37207,76.00%,919,2.50%,37.8,34051,69.50%,2573,7.60%,63.7,36858,75.30%,561,1.50%,67.4,0.00%,0.00%
Commissioner for Equal Opportunity,27,24,77.80%,22.20%,49.7,57.2,53.9,0.00%,7.40%,11.10%,0.00%,11.10%,0.00%,18.50%,3.70%,25.90%,22.20%,0.00%,102524,91701,4.10%,11.60%,8.30%,8.30%,19.80%,19.00%,16.50%,4.10%,0.00%,8.30%,66.70%,25.90%,7.40%,0.00%,0.00%,0.00%,0.00%,0.00%,0.00%,2,27,7.40%,0.00%,0.00%,0.00%,0.00%,0.00%,0.00%,0.00%,0.00%,0.00%,100.00%,0.00%,24.80%,28.10%,0.00%,19.00%,28.10%,0.00%,0.00%,0.00%,11.9,9.8,7.40%,11.10%,3.70%,3.70%,3.70%,22.20%,18.50%,14.80%,3.70%,7.40%,0.00%,3.70%,21,77.80%,0.00%,0.00%,100.00%,0.00%,100.00%,77.5,7.40%,70.40%,24,88.90%,2,8.30%,27.4,25,92.60%,6,24.00%,197.7,24,88.90%,3,12.50%,164.1,0.00%,0.00%
Economic Regulation Authority,54,50,48.10%,51.90%,36.9,38.9,38.4,0.00%,5.60%,9.30%,20.40%,20.40%,3.70%,9.30%,13.00%,14.80%,1.90%,0.00%,111628.4,106917,0.00%,6.00%,11.90%,9.90%,10.90%,15.50%,11.90%,21.90%,4.00%,8.00%,77.80%,5.60%,16.70%,0.00%,0.00%,0.00%,0.00%,0.00%,0.00%,4,49,8.20%,0.00%,0.00%,0.00%,0.00%,0.00%,0.00%,0.00%,0.00%,0.00%,100.00%,0.00%,11.90%,63.20%,0.00%,0.00%,24.90%,0.00%,0.00%,0.00%,5.1,4.2,11.10%,9.30%,7.40%,20.40%,9.30%,33.30%,9.30%,0.00%,0.00%,0.00%,0.00%,0.00%,26,48.10%,0.00%,0.00%,0.00%,53.80%,43.80%,67.7,5.60%,40.70%,54,100.00%,0,0.00%,N/A,54,100.00%,17,31.50%,80,53,98.10%,1,1.90%,77.1,0.00%,0.00%
Deparment of Finance,1240,1158,48.80%,51.20%,42.9,47.4,44.8,0.10%,2.10%,12.50%,13.30%,10.90%,11.60%,11.70%,14.40%,11.90%,8.60%,0.00%,97787.7,91701,2.50%,3.90%,12.30%,15.60%,18.40%,18.30%,15.20%,9.50%,1.60%,2.70%,79.60%,9.50%,10.10%,0.60%,0.00%,0.20%,0.10%,0.00%,0.00%,138,1261,10.90%,0.10%,1.10%,0.50%,0.90%,0.90%,0.00%,0.30%,1.20%,0.70%,94.30%,0.00%,32.60%,15.90%,2.00%,1.40%,47.80%,0.40%,0.00%,0.00%,8.2,6.4,7.00%,8.20%,6.40%,9.00%,9.50%,36.00%,12.50%,3.70%,1.00%,2.70%,1.90%,2.00%,605,48.80%,32.00%,100.00%,28.60%,24.10%,25.00%,77.1,2.20%,49.50%,752,60.60%,3,0.40%,108.4,813,65.60%,192,23.60%,83,95,7.70%,11,11.60%,52.1,0.00%,0.00%
Department of Fisheries,534,488,45.50%,54.50%,39.1,43.3,41.5,0.20%,2.40%,11.20%,12.90%,18.90%,13.70%,11.40%,10.90%,10.90%,5.80%,0.00%,86478.3,78826,3.90%,13.30%,17.20%,21.10%,15.50%,9.70%,10.40%,6.70%,1.20%,0.80%,74.70%,13.50%,8.10%,2.20%,0.00%,0.00%,1.50%,0.00%,0.00%,23,494,4.70%,2.80%,0.60%,2.80%,3.90%,3.90%,2.60%,0.70%,3.60%,1.50%,77.50%,0.00%,16.40%,26.80%,39.40%,0.00%,17.50%,0.00%,0.00%,0.00%,10.2,6.9,7.70%,6.00%,9.00%,8.10%,9.70%,22.10%,13.70%,9.00%,5.10%,3.40%,3.00%,3.40%,243,45.50%,25.00%,100.00%,0.00%,11.80%,9.50%,63.9,2.60%,40.60%,193,36.10%,4,2.10%,50.3,249,46.60%,39,15.70%,93.5,192,36.00%,9,4.70%,60.6,0.00%,0.00%
Forest Products Commission,186,163,41.90%,58.10%,45.1,48.3,47,1.10%,1.10%,5.40%,9.10%,11.80%,14.50%,20.40%,13.40%,14.00%,7.00%,0.00%,81629.5,78826,8.60%,11.60%,18.70%,22.30%,14.80%,7.60%,7.80%,4.90%,1.80%,1.80%,69.90%,9.10%,7.50%,1.10%,0.00%,0.00%,12.40%,0.00%,0.00%,13,160,8.10%,0.50%,3.20%,3.80%,0.00%,0.00%,0.00%,0.00%,66.10%,0.00%,26.30%,0.00%,15.10%,12.40%,7.70%,0.00%,18.00%,0.00%,0.00%,46.70%,14.3,10.2,8.10%,3.80%,5.90%,9.10%,4.30%,16.70%,10.20%,11.80%,7.50%,7.00%,10.80%,4.80%,78,41.90%,0.00%,0.00%,25.00%,33.30%,30.80%,50.4,2.20%,57.00%,163,87.60%,0,0.00%,N/A,171,91.90%,28,16.40%,41.5,150,80.60%,6,4.00%,22.1,0.00%,0.00%
Government Employees Superannuation Board,50,46,56.00%,44.00%,42.5,44.5,43,0.00%,2.00%,0.00%,14.00%,14.00%,28.00%,16.00%,6.00%,12.00%,2.00%,10.00%,120769,112902,0.00%,0.00%,3.40%,9.70%,19.00%,16.80%,17.20%,20.70%,2.20%,11.00%,68.00%,10.00%,18.00%,2.00%,0.00%,0.00%,2.00%,0.00%,0.00%,62,101,61.40%,0.00%,0.00%,0.00%,0.00%,0.00%,0.00%,0.00%,0.00%,0.00%,100.00%,0.00%,33.80%,57.30%,0.00%,0.00%,8.80%,0.00%,0.00%,0.00%,7.3,6,14.00%,2.00%,18.00%,14.00%,0.00%,26.00%,18.00%,2.00%,2.00%,4.00%,0.00%,0.00%,28,56.00%,33.30%,0.00%,25.00%,71.40%,54.50%,100.4,2.00%,42.00%,47,94.00%,0,0.00%,N/A,46,92.00%,11,23.90%,161.1,47,94.00%,0,0.00%,N/A,0.00%,0.00%
Goldfields IT,124,115,58.10%,41.90%,39.3,47.7,43.2,0.80%,3.20%,3.20%,19.40%,12.90%,13.70%,16.90%,8.10%,8.90%,9.70%,0.00%,80420.6,83583,17.60%,12.70%,6.20%,8.70%,35.90%,12.30%,4.00%,1.70%,0.00%,0.90%,37.10%,3.20%,35.50%,8.90%,0.00%,0.00%,15.30%,0.00%,0.00%,6,56,10.70%,0.00%,100.00%,0.00%,0.00%,0.00%,0.00%,0.00%,0.00%,0.00%,0.00%,0.00%,8.80%,60.10%,4.90%,0.00%,23.50%,0.00%,0.00%,2.70%,2.3,2.1,30.60%,16.90%,13.70%,12.10%,26.60%,0.00%,0.00%,0.00%,0.00%,0.00%,0.00%,0.00%,72,58.10%,0.00%,0.00%,50.00%,66.70%,62.50%,69.2,4.00%,46.80%,118,95.20%,3,2.50%,128.4,123,99.20%,23,18.70%,117,116,93.50%,4,3.40%,65.7,0.00%,0.00%
Great Southern IT,239,168,59.80%,40.20%,50.2,53.6,51.1,0.00%,2.10%,4.20%,2.50%,5.90%,12.10%,18.00%,22.20%,18.00%,10.50%,0.00%,74386.2,71919,19.90%,9.90%,13.70%,9.40%,21.00%,20.20%,3.60%,1.80%,0.00%,0.60%,29.20%,11.70%,12.90%,18.30%,0.00%,0.00%,27.90%,0.00%,0.00%,15,113,13.30%,0.00%,0.00%,100.00%,0.00%,0.00%,0.00%,0.00%,0.00%,0.00%,0.00%,0.00%,8.90%,57.80%,4.90%,2.70%,25.00%,0.60%,0.00%,0.20%,7.8,6.3,17.50%,7.10%,2.50%,9.60%,7.50%,27.50%,11.30%,9.60%,4.60%,1.70%,0.80%,0.40%,143,59.80%,100.00%,100.00%,50.00%,50.00%,50.00%,88.1,2.10%,73.20%,236,98.70%,11,4.70%,86.3,239,100.00%,15,6.30%,229.2,237,99.20%,8,3.40%,29.8,0.00%,0.00%
Deparment of Health,46587,35741,77.80%,22.20%,44.2,44.6,44.3,0.30%,4.80%,11.50%,12.00%,11.20%,11.90%,11.80%,12.80%,12.00%,7.90%,0.00%,86928.7,76847,16.60%,14.20%,10.00%,17.40%,16.70%,12.10%,4.90%,2.60%,1.70%,3.80%,31.00%,30.80%,15.30%,9.50%,0.00%,0.00%,10.80%,2.50%,0.00%,4192,33012,12.70%,0.60%,1.90%,2.80%,2.60%,2.40%,0.20%,1.50%,5.00%,3.10%,80.00%,0.00%,2.40%,60.10%,5.40%,12.20%,15.10%,0.00%,0.90%,3.90%,7.7,4.9,18.70%,8.80%,8.70%,7.90%,6.70%,22.30%,10.80%,6.90%,4.00%,3.20%,1.10%,1.00%,36233,77.80%,50.00%,0.00%,20.00%,52.20%,48.10%,74.8,5.10%,48.30%,16530,35.50%,439,2.70%,31.7,13242,28.40%,2542,19.20%,108.3,18845,40.50%,308,1.60%,172.7,0.00%,0.00%
Department of Housing,1689,1570,65.40%,34.60%,42.1,48.2,43.9,0.70%,4.60%,11.00%,13.10%,12.00%,11.10%,12.60%,15.50%,12.40%,5.30%,0.00%,86272.7,78826,0.80%,16.20%,21.40%,12.40%,19.30%,13.10%,9.20%,6.20%,0.70%,0.80%,72.90%,9.70%,15.50%,1.90%,0.00%,0.10%,0.00%,0.00%,0.00%,139,1540,9.00%,0.60%,2.00%,1.50%,4.20%,2.10%,0.90%,3.20%,2.60%,1.80%,80.90%,0.00%,9.50%,21.90%,0.30%,2.10%,44.00%,22.10%,0.00%,0.00%,8.5,4.4,12.90%,12.20%,13.00%,8.10%,7.50%,21.80%,6.20%,4.40%,3.10%,4.60%,2.50%,3.60%,1104,65.40%,7.70%,0.00%,20.00%,35.70%,33.30%,68.3,5.30%,47.60%,1458,86.30%,70,4.80%,48.6,1458,86.30%,190,13.00%,82.6,1568,92.80%,23,1.50%,79.2,0.00%,0.00%
Insurance Commission of WA,398,349,56.80%,43.20%,41.9,45.1,44,0.50%,1.50%,11.10%,17.10%,11.80%,10.10%,14.30%,17.80%,8.00%,5.30%,0.00%,89482.9,78826,3.70%,13.70%,22.80%,10.80%,12.70%,20.70%,6.30%,3.70%,1.40%,4.10%,75.10%,16.80%,7.30%,0.30%,0.50%,0.00%,0.00%,0.00%,0.00%,23,389,5.90%,0.00%,0.00%,0.00%,0.00%,0.00%,0.00%,0.00%,0.00%,0.00%,100.00%,0.00%,11.00%,24.60%,0.90%,0.00%,63.50%,0.00%,0.00%,0.00%,13.2,8.2,9.50%,9.50%,4.30%,6.00%,5.30%,20.90%,9.50%,6.80%,3.30%,12.10%,5.80%,7.00%,226,56.80%,0.00%,0.00%,14.30%,16.70%,15.40%,50,2.00%,48.00%,390,98.00%,4,1.00%,103.7,391,98.20%,73,18.70%,67.5,388,97.50%,9,2.30%,68.8,0.00%,0.00%
Kimberley IT,204,176,59.30%,40.70%,43.7,47.7,46.4,0.00%,2.00%,6.90%,12.70%,11.80%,12.70%,15.20%,17.60%,9.30%,10.80%,0.00%,80128.5,78471,9.20%,11.80%,14.50%,18.50%,22.90%,13.90%,6.30%,2.30%,0.00%,0.60%,52.90%,6.40%,22.10%,5.90%,0.00%,0.00%,12.70%,0.00%,0.00%,15,136,11.00%,0.00%,0.00%,0.00%,100.00%,0.00%,0.00%,0.00%,0.00%,0.00%,0.00%,0.00%,13.70%,56.00%,4.60%,3.20%,19.70%,0.00%,0.00%,2.80%,4.7,3.2,17.60%,19.60%,11.80%,9.80%,8.80%,18.60%,8.30%,4.90%,0.50%,0.00%,0.00%,0.00%,121,59.30%,100.00%,100.00%,50.00%,60.90%,59.30%,98.2,2.00%,53.90%,197,96.60%,22,11.20%,41.3,202,99.00%,15,7.40%,128.1,201,98.50%,3,1.50%,85.4,0.00%,0.00%
Landgate,799,744,45.70%,54.30%,46.2,51.6,48.5,0.30%,2.50%,5.00%,9.90%,10.10%,12.00%,13.80%,14.80%,15.10%,11.90%,0.00%,92883.6,91701,1.50%,9.40%,12.70%,16.80%,20.30%,17.60%,11.50%,6.60%,2.40%,1.30%,78.30%,15.00%,5.10%,1.50%,0.00%,0.10%,0.00%,0.00%,0.00%,69,815,8.50%,0.00%,0.00%,0.60%,0.00%,0.00%,0.00%,0.00%,1.80%,0.00%,97.60%,0.00%,16.20%,47.30%,2.50%,0.00%,33.70%,0.30%,0.00%,0.00%,16.3,11.2,5.30%,2.50%,5.80%,2.30%,4.00%,26.60%,12.40%,7.90%,5.60%,8.80%,5.40%,13.60%,365,45.70%,30.00%,0.00%,50.00%,47.80%,48.40%,73.1,2.80%,60.20%,672,84.10%,5,0.70%,18.9,399,49.90%,79,19.80%,64.6,796,99.60%,23,2.90%,57.6,0.00%,0.00%
Department of Lands,213,201,57.30%,42.70%,42.6,49.4,45.2,0.00%,8.90%,13.10%,10.30%,8.00%,9.40%,11.70%,14.10%,13.60%,8.00%,0.00%,93835.3,88679,1.90%,10.50%,16.40%,13.60%,11.90%,18.90%,13.50%,7.40%,3.40%,2.50%,67.60%,8.00%,20.70%,3.80%,0.00%,0.00%,0.00%,0.00%,0.00%,15,181,8.30%,0.00%,0.00%,0.00%,2.30%,0.00%,0.00%,0.00%,1.90%,0.00%,95.80%,0.00%,18.40%,15.80%,0.00%,0.00%,65.80%,0.00%,0.00%,0.00%,5.3,3.6,25.80%,13.60%,7.50%,8.50%,4.20%,15.00%,23.90%,0.50%,0.50%,0.50%,0.00%,0.00%,122,57.30%,25.00%,0.00%,50.00%,46.20%,47.40%,98.4,8.90%,50.20%,152,71.40%,2,1.30%,38.5,89,41.80%,15,16.90%,88.9,17,8.00%,4,23.50%,77.9,0.00%,0.00%
Legal Aid,317,274,81.70%,18.30%,43.5,49.1,44.4,0.00%,3.80%,11.00%,12.60%,13.20%,11.40%,13.90%,11.70%,13.90%,4.40%,0.00%,96796,89315,3.00%,18.70%,16.60%,5.70%,13.60%,15.00%,3.80%,10.50%,1.70%,11.40%,68.80%,14.80%,10.50%,5.60%,0.00%,0.30%,0.00%,0.00%,0.00%,20,291,6.90%,0.00%,2.20%,2.20%,5.00%,2.50%,0.00%,2.50%,3.20%,0.00%,82.30%,0.00%,2.90%,51.90%,0.00%,0.00%,45.20%,0.00%,0.00%,0.00%,9.6,7.9,5.60%,4.30%,7.70%,7.10%,9.90%,29.00%,15.10%,10.20%,5.60%,3.70%,1.20%,0.60%,259,81.70%,0.00%,0.00%,57.10%,70.00%,66.70%,87.1,3.80%,47.90%,311,98.10%,6,1.90%,66.3,309,97.50%,36,11.70%,81.6,312,98.40%,13,4.20%,86,0.00%,0.00%
Lotterywest,225,209,55.10%,44.90%,41.6,45.7,43.2,0.00%,2.20%,12.00%,13.80%,14.20%,12.00%,13.30%,11.60%,10.70%,6.20%,0.00%,94810.9,91701,1.80%,4.50%,12.60%,17.10%,19.20%,23.70%,9.20%,9.00%,1.40%,1.40%,75.10%,11.60%,10.70%,2.70%,0.00%,0.00%,0.00%,0.00%,0.00%,6,201,3.00%,0.00%,0.00%,0.00%,0.00%,0.00%,0.00%,0.00%,0.00%,0.00%,100.00%,0.00%,23.90%,31.40%,4.20%,0.00%,36.30%,4.20%,0.00%,0.00%,8.3,6.7,11.60%,10.70%,9.40%,8.50%,1.80%,26.80%,13.80%,7.60%,4.00%,4.00%,1.30%,0.40%,124,55.10%,50.00%,0.00%,50.00%,33.30%,38.10%,83.4,2.20%,45.80%,225,100.00%,1,0.40%,33.1,221,98.20%,37,16.70%,71.5,225,100.00%,5,2.20%,37.9,0.00%,0.00%
Legal Practice Board,51,45,82.40%,17.60%,43.1,59.3,43.7,0.00%,5.90%,2.00%,15.70%,19.60%,7.80%,5.90%,9.80%,19.60%,13.70%,0.00%,105795.3,89464,4.50%,7.70%,19.90%,8.90%,12.50%,6.70%,20.60%,1.30%,4.50%,13.40%,58.80%,9.80%,15.70%,15.70%,0.00%,0.00%,0.00%,0.00%,0.00%,3,38,7.90%,0.00%,0.00%,0.00%,0.00%,0.00%,0.00%,0.00%,0.00%,0.00%,100.00%,0.00%,2.20%,43.40%,8.90%,0.00%,45.50%,0.00%,0.00%,0.00%,6.2,5.3,17.60%,9.80%,5.90%,7.80%,5.90%,29.40%,17.60%,3.90%,2.00%,0.00%,0.00%,0.00%,42,82.40%,0.00%,0.00%,100.00%,60.00%,71.40%,90.8,5.90%,49.00%,47,92.20%,0,0.00%,N/A,48,94.10%,4,8.30%,122.9,49,96.10%,0,0.00%,N/A,0.00%,0.00%
Main Roads WA,1093,1018,29.90%,70.10%,41.4,50.7,48.2,0.20%,4.80%,10.90%,10.50%,7.10%,9.70%,11.30%,15.70%,14.20%,10.90%,0.00%,100801.8,100295,1.10%,3.20%,7.10%,15.50%,16.80%,20.70%,17.10%,11.20%,5.50%,1.80%,91.80%,5.70%,1.30%,0.00%,1.30%,0.00%,0.00%,0.00%,0.00%,81,1146,7.10%,1.60%,1.70%,2.90%,2.80%,2.70%,0.00%,2.50%,6.10%,4.10%,75.40%,0.00%,22.60%,35.00%,16.10%,0.00%,25.80%,0.00%,0.10%,0.40%,14.7,10,4.40%,4.50%,7.80%,6.60%,3.50%,23.20%,14.70%,5.90%,4.80%,8.40%,5.90%,10.30%,327,29.90%,22.20%,0.00%,10.00%,7.50%,8.00%,66.1,5.00%,56.70%,523,47.80%,8,1.50%,48.3,636,58.20%,113,17.80%,81.2,429,39.20%,24,5.60%,77.2,0.00%,0.00%
Metropolitan Cemeteries Board,157,145,38.90%,61.10%,46.1,48.7,47.3,0.60%,5.10%,5.70%,5.70%,13.40%,15.90%,10.20%,19.70%,14.00%,5.70%,0.00%,66770.9,58872,42.50%,22.90%,7.30%,12.40%,6.90%,3.10%,1.40%,2.80%,0.00%,0.70%,74.80%,12.60%,6.90%,3.10%,0.00%,1.30%,1.30%,0.00%,0.00%,9,149,6.00%,0.00%,0.00%,0.00%,0.00%,0.00%,0.00%,0.00%,0.00%,0.00%,100.00%,0.00%,6.80%,7.80%,2.10%,7.20%,31.80%,0.00%,6.90%,37.40%,7,4.1,10.10%,12.00%,12.70%,13.90%,7.60%,24.10%,8.20%,5.70%,1.90%,0.60%,0.00%,3.20%,61,38.90%,0.00%,0.00%,40.00%,22.20%,28.60%,144.8,5.70%,53.50%,149,94.90%,4,2.70%,5.6,157,100.00%,15,9.60%,228.6,140,89.20%,5,3.60%,257.2,0.00%,0.00%
Mental Health Commission,116,100,70.70%,29.30%,43.9,45.6,44.7,0.00%,0.90%,9.50%,14.70%,12.90%,12.90%,23.30%,10.30%,6.00%,6.90%,0.00%,110427.1,106917,1.00%,3.60%,8.00%,5.70%,14.20%,20.10%,29.30%,8.10%,3.00%,7.00%,68.10%,8.60%,15.50%,6.90%,0.00%,0.00%,0.90%,0.00%,0.00%,7,98,7.10%,0.00%,0.00%,0.00%,0.00%,0.00%,0.00%,0.00%,0.00%,0.00%,100.00%,0.00%,29.80%,28.00%,0.00%,0.00%,42.20%,0.00%,0.00%,0.00%,4.7,3.1,14.80%,17.40%,16.50%,13.00%,7.00%,20.90%,6.10%,2.60%,0.90%,0.90%,0.00%,0.00%,82,70.70%,40.00%,0.00%,50.00%,42.90%,46.20%,80.5,0.90%,49.10%,75,64.70%,0,0.00%,N/A,71,61.20%,9,12.70%,76,81,69.80%,8,9.90%,178.9,0.00%,0.00%
Metropolitan Redevelopment Authority,138,125,71.00%,29.00%,35.4,39.9,36.8,0.00%,5.10%,14.50%,23.90%,17.40%,14.50%,8.70%,4.30%,8.70%,1.40%,0.00%,100097,96552,1.10%,5.10%,14.60%,7.20%,17.80%,15.90%,20.50%,11.20%,2.40%,4.00%,66.70%,10.10%,17.40%,5.10%,0.00%,0.00%,0.70%,0.00%,0.00%,16,122,13.10%,0.00%,0.00%,0.00%,0.00%,0.00%,0.00%,0.00%,0.00%,0.00%,100.00%,0.00%,37.40%,37.10%,1.60%,0.00%,22.90%,1.00%,0.00%,0.00%,3.5,2.6,23.90%,13.00%,20.30%,14.50%,5.80%,20.30%,1.40%,0.00%,0.70%,0.00%,0.00%,0.00%,98,71.00%,25.00%,0.00%,25.00%,52.90%,47.60%,78,5.10%,24.60%,137,99.30%,4,2.90%,94.4,121,87.70%,17,14.00%,107.7,137,99.30%,0,0.00%,N/A,0.00%,0.00%
The National Trust of Australia (W.A.),42,31,61.90%,38.10%,50.2,60.2,52.9,0.00%,2.40%,2.40%,4.80%,7.10%,9.50%,11.90%,16.70%,11.90%,26.20%,10.00%,78690.1,76676,11.80%,4.50%,17.40%,18.80%,12.90%,6.40%,12.20%,3.20%,9.60%,3.20%,31.00%,7.10%,26.20%,16.70%,0.00%,0.00%,19.00%,0.00%,0.00%,2,18,11.10%,0.00%,0.00%,2.40%,0.00%,0.00%,0.00%,0.00%,0.00%,2.40%,95.20%,0.00%,26.70%,20.60%,0.00%,0.00%,46.30%,0.00%,0.00%,6.50%,6.1,4.2,31.00%,2.40%,9.50%,2.40%,16.70%,11.90%,16.70%,9.50%,0.00%,0.00%,0.00%,0.00%,26,61.90%,0.00%,0.00%,50.00%,0.00%,50.00%,71.7,2.40%,73.80%,18,42.90%,0,0.00%,N/A,17,40.50%,2,11.80%,44.2,17,40.50%,0,0.00%,N/A,0.00%,0.00%
The National Trust of Australia (W.A.),148,142,56.80%,43.20%,35.8,36,36,0.00%,5.40%,16.90%,23.60%,15.50%,8.80%,10.10%,7.40%,7.40%,4.10%,0.00%,101713.2,94126.5,0.70%,4.90%,15.10%,17.10%,12.40%,18.70%,14.10%,7.90%,3.50%,5.60%,77.00%,8.10%,12.20%,2.70%,0.00%,0.00%,0.00%,0.00%,0.00%,14,140,10.00%,0.00%,0.00%,0.00%,0.00%,0.00%,0.00%,0.00%,0.00%,0.00%,100.00%,0.00%,20.50%,70.60%,2.00%,0.00%,6.80%,0.00%,0.00%,0.00%,6.3,4.2,12.20%,12.80%,12.20%,12.20%,9.50%,23.60%,9.50%,3.40%,1.40%,0.00%,1.40%,2.00%,84,56.80%,50.00%,0.00%,50.00%,40.90%,42.90%,84.7,5.40%,29.70%,147,99.30%,0,0.00%,N/A,148,100.00%,55,37.20%,67.2,148,100.00%,0,0.00%,N/A,0.00%,0.00%
Office of the Environmental Protection Authority,94,84,55.30%,44.70%,41.6,44.7,42.6,0.00%,0.00%,10.60%,8.50%,22.30%,12.80%,16.00%,16.00%,7.40%,3.20%,0.00%,112490.9,115092,0.00%,1.20%,5.90%,4.70%,10.80%,18.60%,25.80%,18.70%,10.70%,3.60%,74.50%,21.30%,2.10%,2.10%,0.00%,0.00%,0.00%,0.00%,0.00%,9,99,9.10%,0.00%,0.00%,0.00%,0.00%,0.00%,0.00%,0.00%,0.00%,0.00%,100.00%,0.00%,16.60%,75.10%,0.00%,0.00%,8.30%,0.00%,0.00%,0.00%,8.6,7.3,3.20%,4.30%,11.70%,14.90%,6.40%,31.90%,10.60%,8.50%,5.30%,1.10%,2.10%,0.00%,52,55.30%,0.00%,0.00%,0.00%,50.00%,38.50%,79.5,0.00%,45.70%,89,94.70%,1,1.10%,70.3,89,94.70%,10,11.20%,121.3,83,88.30%,0,0.00%,N/A,0.00%,0.00%
Parliamentary Commissioner for Administrative Investigations (Ombudsman),64,57,78.10%,21.90%,44.4,45.1,44.7,0.00%,1.60%,14.10%,12.50%,6.30%,17.20%,17.20%,12.50%,10.90%,6.30%,0.00%,105753.1,101562.5,0.00%,3.50%,9.90%,14.20%,20.20%,22.00%,7.40%,14.00%,3.50%,5.30%,64.10%,17.20%,17.20%,1.60%,0.00%,0.00%,0.00%,0.00%,0.00%,5,59,8.50%,0.00%,0.00%,0.00%,0.00%,0.00%,0.00%,0.00%,0.00%,0.00%,100.00%,0.00%,20.00%,45.30%,0.00%,0.00%,34.70%,0.00%,0.00%,0.00%,6.6,5.8,10.90%,3.10%,7.80%,14.10%,7.80%,45.30%,6.30%,0.00%,1.60%,3.10%,0.00%,0.00%,50,78.10%,0.00%,0.00%,100.00%,71.40%,77.80%,104.8,1.60%,48.40%,61,95.30%,1,1.60%,49.6,62,96.90%,3,4.80%,64.8,62,96.90%,3,4.80%,36,0.00%,0.00%
Perth Market Authority,40,30,42.50%,57.50%,31.2,41.6,37.4,10.00%,5.00%,20.00%,7.50%,10.00%,7.50%,10.00%,7.50%,15.00%,0.00%,10.00%,78542.6,71919,12.00%,3.30%,23.90%,16.40%,14.80%,9.90%,6.60%,6.60%,0.00%,6.60%,65.00%,0.00%,7.50%,0.00%,0.00%,0.00%,27.50%,0.00%,0.00%,4,30,13.30%,0.00%,0.00%,0.00%,0.00%,0.00%,0.00%,0.00%,0.00%,0.00%,100.00%,0.00%,16.40%,9.90%,0.00%,3.30%,51.40%,10.30%,3.30%,5.40%,3.4,3.5,22.50%,10.00%,12.50%,10.00%,12.50%,32.50%,0.00%,0.00%,0.00%,0.00%,0.00%,0.00%,17,42.50%,0.00%,0.00%,33.30%,0.00%,16.70%,60.3,15.00%,40.00%,40,100.00%,0,0.00%,N/A,40,100.00%,9,22.50%,122.9,40,100.00%,0,0.00%,N/A,0.00%,0.00%
Zoological Parks Authority,219,165,67.60%,32.40%,37.7,44.6,39.1,0.90%,5.90%,14.60%,19.20%,10.50%,11.90%,11.40%,9.10%,8.20%,6.40%,0.00%,68082.3,60958,28.40%,26.50%,8.50%,16.30%,8.10%,5.80%,3.00%,2.10%,0.60%,0.60%,51.10%,15.10%,8.20%,5.00%,0.50%,0.00%,20.10%,0.00%,0.00%,14,159,8.80%,0.00%,0.00%,0.00%,0.00%,0.00%,0.00%,0.00%,0.00%,0.00%,100.00%,0.00%,10.60%,13.30%,47.00%,2.40%,11.80%,7.90%,0.60%,6.30%,7.4,5.1,19.60%,10.50%,5.90%,8.70%,4.10%,25.60%,12.30%,5.90%,2.30%,2.70%,0.90%,1.40%,148,67.60%,100.00%,100.00%,50.00%,62.50%,58.30%,91.7,6.80%,37.00%,218,99.50%,3,1.40%,52,219,100.00%,11,5.00%,83.4,218,99.50%,11,5.00%,74.5,0.00%,0.00%
Pilbara Development Commission,22,21,68.20%,31.80%,45.7,40.6,45.2,0.00%,4.50%,9.10%,13.60%,9.10%,13.60%,18.20%,9.10%,18.20%,4.50%,0.00%,100444.5,106917,0.00%,0.00%,14.20%,15.60%,3.80%,23.70%,28.40%,14.20%,0.00%,0.00%,40.90%,0.00%,54.50%,4.50%,0.00%,0.00%,0.00%,0.00%,0.00%,5,14,35.70%,0.00%,0.00%,0.00%,0.00%,0.00%,0.00%,54.50%,0.00%,0.00%,45.50%,0.00%,42.70%,9.50%,0.00%,0.00%,47.90%,0.00%,0.00%,0.00%,3.5,2.5,31.80%,13.60%,4.50%,13.60%,18.20%,13.60%,4.50%,0.00%,0.00%,0.00%,0.00%,0.00%,15,68.20%,0.00%,0.00%,66.70%,100.00%,75.00%,94.7,4.50%,50.00%,14,63.60%,0,0.00%,N/A,6,27.30%,0,0.00%,N/A,1,4.50%,0,0.00%,N/A,0.00%,0.00%
Pilbara Institute,150,135,61.30%,38.70%,49.4,54.5,51,0.00%,0.70%,4.70%,6.00%,8.70%,10.70%,15.30%,18.70%,19.30%,10.00%,10.00%,79579.7,82973,10.30%,14.80%,11.90%,8.20%,34.50%,13.70%,4.40%,1.50%,0.00%,0.70%,61.30%,8.00%,19.30%,2.70%,0.00%,0.00%,8.70%,0.00%,0.00%,37,141,26.20%,0.00%,0.00%,0.00%,0.00%,0.00%,0.00%,100.00%,0.00%,0.00%,0.00%,0.00%,10.40%,57.80%,4.40%,0.00%,21.30%,0.00%,0.00%,6.10%,6.4,5,13.30%,10.70%,12.00%,8.00%,6.00%,30.70%,11.30%,4.00%,2.70%,1.30%,0.00%,0.00%,92,61.30%,100.00%,100.00%,100.00%,58.30%,64.30%,115.1,0.70%,69.30%,121,80.70%,7,5.80%,54.2,127,84.70%,23,18.10%,70.2,119,79.30%,4,3.40%,77.5,0.00%,0.00%
Department of Planning,456,422,52.90%,47.10%,42.9,45.8,44.6,0.00%,1.80%,7.20%,14.30%,14.90%,12.70%,11.60%,14.00%,13.80%,7.90%,0.00%,99624.3,98711,1.50%,11.00%,8.30%,10.60%,14.20%,16.00%,20.40%,11.80%,2.90%,3.30%,80.50%,12.50%,6.10%,0.90%,0.00%,0.00%,0.00%,0.00%,0.00%,37,461,8.00%,0.00%,0.00%,1.80%,0.20%,0.40%,3.10%,0.00%,4.60%,0.00%,89.90%,0.00%,7.60%,64.20%,0.70%,0.20%,23.00%,0.70%,0.00%,3.60%,9.4,7.2,9.40%,4.60%,6.10%,7.50%,7.50%,33.60%,13.20%,6.60%,4.20%,3.90%,1.80%,1.80%,241,52.90%,42.90%,100.00%,55.60%,22.20%,30.60%,76.6,1.80%,49.10%,187,41.00%,1,0.50%,14.7,252,55.30%,57,22.60%,70.7,72,15.80%,8,11.10%,71.9,0.00%,0.00%
WA Police,2492,1809,58.30%,41.70%,48.2,55.1,50.5,0.30%,3.10%,7.60%,7.90%,8.30%,10.40%,11.10%,13.00%,12.10%,9.80%,20.00%,68396.4,62689,14.40%,35.40%,12.10%,11.00%,10.60%,7.60%,5.50%,2.00%,0.40%,0.90%,59.80%,11.90%,4.30%,1.30%,0.00%,0.00%,22.80%,0.00%,0.00%,242,2037,11.90%,0.00%,1.40%,1.60%,0.90%,1.40%,0.00%,0.90%,1.50%,1.20%,91.00%,0.00%,6.80%,25.00%,3.20%,0.10%,57.00%,0.00%,0.20%,7.70%,8.5,6.6,10.60%,7.30%,8.50%,7.40%,6.80%,31.30%,11.00%,7.30%,3.50%,3.20%,1.80%,1.20%,1452,58.30%,0.00%,0.00%,0.00%,21.40%,17.60%,69.7,3.50%,62.40%,1801,72.30%,22,1.20%,27.5,1950,78.30%,282,14.50%,84.7,1794,72.00%,65,3.60%,88.8,0.00%,0.00%
Polytechnic West,1110,935,50.10%,49.90%,50.8,53.8,52.6,0.20%,1.70%,2.70%,5.30%,7.70%,10.40%,13.70%,16.10%,19.60%,14.10%,10.00%,78796,82973,21.40%,11.00%,4.80%,6.50%,25.00%,26.40%,2.90%,1.10%,0.40%,0.50%,57.20%,10.80%,7.20%,1.00%,0.00%,0.00%,23.80%,0.00%,0.00%,93,849,11.00%,0.00%,0.00%,0.00%,0.00%,0.00%,0.00%,0.00%,0.00%,0.00%,100.00%,0.00%,6.10%,66.70%,4.60%,0.10%,20.40%,0.00%,1.70%,0.50%,9.5,7.1,8.50%,4.50%,4.90%,8.20%,5.80%,37.00%,12.50%,8.50%,2.60%,3.80%,1.90%,1.90%,556,50.10%,50.00%,0.00%,42.90%,31.30%,33.30%,68.1,1.90%,72.10%,977,88.00%,13,1.30%,56.9,1004,90.50%,187,18.60%,76.2,965,86.90%,14,1.50%,33.6,0.00%,0.00%
Public Sector Commission,175,121,60.00%,40.00%,33,38.3,35.1,9.10%,20.00%,8.00%,12.60%,12.60%,5.70%,10.30%,10.90%,6.30%,2.30%,0.00%,92985.8,91701,0.00%,0.70%,11.60%,12.50%,9.60%,27.10%,13.90%,10.80%,3.30%,10.60%,52.00%,12.60%,9.10%,1.70%,22.30%,2.30%,0.00%,0.00%,0.00%,18,135,13.30%,0.00%,0.00%,0.00%,0.00%,0.00%,0.00%,0.00%,0.00%,0.00%,100.00%,0.00%,22.50%,41.80%,0.50%,0.00%,35.10%,0.00%,0.00%,0.00%,4.5,3.5,30.30%,8.60%,5.70%,12.60%,17.70%,17.10%,5.10%,0.00%,0.60%,0.60%,0.60%,1.10%,105,60.00%,38.50%,0.00%,57.10%,60.00%,58.80%,68.7,29.10%,32.00%,150,85.70%,47,31.30%,8.9,152,86.90%,14,9.20%,109.8,149,85.10%,4,2.70%,128.3,0.00%,0.00%
Public Transport Authority,1650,1588,24.10%,75.90%,41.8,47.3,46.2,0.10%,2.20%,7.30%,12.40%,12.70%,11.80%,12.90%,15.00%,13.00%,8.70%,0.00%,79037.5,70357,11.10%,23.50%,23.60%,8.70%,10.40%,10.60%,4.80%,3.60%,2.20%,1.40%,88.40%,5.10%,5.80%,0.30%,0.10%,0.00%,0.20%,0.00%,0.00%,110,1654,6.70%,0.00%,0.20%,0.20%,0.00%,0.40%,9.20%,0.00%,1.30%,0.10%,88.50%,0.00%,6.90%,18.40%,8.20%,18.00%,17.10%,8.30%,19.60%,3.60%,9.7,6.8,9.70%,8.00%,7.80%,7.50%,5.00%,33.20%,14.00%,2.40%,0.90%,2.60%,2.00%,7.00%,398,24.10%,0.00%,0.00%,0.00%,19.60%,16.70%,96.9,2.20%,53.50%,1551,94.00%,11,0.70%,11.3,1458,88.40%,307,21.10%,81.5,1481,89.80%,10,0.70%,57.3,0.00%,0.00%
Perth Theatre Trust,174,88,56.30%,43.70%,38.4,35.1,36.7,1.10%,11.50%,16.10%,16.70%,10.90%,10.90%,8.60%,7.50%,4.60%,7.50%,0.00%,54903.8,41890,47.60%,11.90%,7.70%,12.50%,6.80%,5.70%,4.50%,2.00%,0.00%,1.10%,2.90%,2.90%,25.10%,5.10%,0.00%,0.00%,64.00%,0.00%,0.00%,2,12,16.70%,0.00%,0.00%,7.50%,0.00%,0.00%,0.00%,0.00%,0.00%,0.00%,92.50%,0.00%,19.90%,21.10%,6.40%,5.40%,28.40%,11.00%,0.00%,7.90%,1,0.5,89.70%,1.70%,0.60%,1.70%,0.60%,4.60%,0.60%,0.60%,0.00%,0.00%,0.00%,0.00%,98,56.30%,0.00%,0.00%,0.00%,57.10%,40.00%,68.8,12.60%,32.80%,116,66.70%,0,0.00%,N/A,157,90.20%,10,6.40%,952.9,87,50.00%,3,3.40%,2.1,0.00%,0.00%
"Department of Racing, Gaming and Liquor",116,109,44.80%,55.20%,46.9,48.8,48.2,0.00%,1.70%,7.80%,6.00%,11.20%,17.20%,11.20%,13.80%,19.00%,6.90%,10.00%,86941.9,78826,2.80%,5.60%,24.10%,22.10%,19.50%,12.00%,7.40%,4.60%,0.00%,1.80%,82.80%,13.80%,2.60%,0.90%,0.00%,0.00%,0.00%,0.00%,0.00%,2,114,1.80%,0.00%,0.00%,0.00%,0.00%,0.00%,0.00%,0.00%,0.00%,0.00%,100.00%,0.00%,18.40%,24.50%,2.80%,0.00%,54.30%,0.00%,0.00%,0.00%,11.4,7.4,2.60%,3.40%,6.00%,8.60%,6.90%,42.20%,7.80%,2.60%,1.70%,11.20%,2.60%,4.30%,52,44.80%,0.00%,0.00%,0.00%,20.00%,16.70%,54,1.70%,56.00%,104,89.70%,0,0.00%,N/A,106,91.40%,24,22.60%,113.4,36,31.00%,5,13.90%,184.7,0.00%,0.00%
Rottnest Island Authority,133,110,54.10%,45.90%,39,48.4,43,0.00%,5.30%,9.00%,19.50%,10.50%,9.80%,5.30%,13.50%,14.30%,5.30%,10.00%,76751.7,71919,22.80%,10.50%,22.50%,9.20%,8.50%,11.60%,9.30%,1.80%,2.70%,0.90%,49.60%,12.00%,16.50%,2.30%,0.00%,0.00%,19.50%,0.00%,0.00%,13,95,13.70%,0.00%,0.00%,0.00%,0.00%,0.00%,0.00%,0.00%,0.00%,0.00%,100.00%,0.00%,20.20%,23.50%,2.30%,1.80%,37.00%,7.20%,7.30%,0.70%,6.2,4.7,14.30%,12.80%,9.00%,8.30%,7.50%,30.10%,11.30%,4.50%,0.80%,0.80%,0.80%,0.00%,72,54.10%,0.00%,0.00%,50.00%,20.00%,28.60%,77.1,5.30%,45.90%,132,99.20%,0,0.00%,N/A,115,86.50%,15,13.00%,32.1,118,88.70%,0,0.00%,N/A,0.00%,0.00%
ScreenWest,26,24,80.80%,19.20%,36.2,42.8,38.1,0.00%,0.00%,15.40%,26.90%,11.50%,38.50%,3.80%,0.00%,3.80%,0.00%,0.00%,93525.1,91701,0.00%,35.10%,4.20%,0.00%,15.90%,20.90%,9.20%,10.50%,0.00%,4.20%,30.80%,0.00%,65.40%,3.80%,0.00%,0.00%,0.00%,0.00%,0.00%,0,8,0.00%,0.00%,0.00%,0.00%,0.00%,0.00%,0.00%,0.00%,0.00%,0.00%,100.00%,0.00%,40.60%,12.60%,0.00%,0.00%,46.90%,0.00%,0.00%,0.00%,3.4,3,26.90%,3.80%,23.10%,7.70%,11.50%,26.90%,0.00%,0.00%,0.00%,0.00%,0.00%,0.00%,21,80.80%,0.00%,0.00%,0.00%,75.00%,60.00%,68.5,0.00%,7.70%,25,96.20%,1,4.00%,125.4,25,96.20%,1,4.00%,125.4,21,80.80%,0,0.00%,N/A,0.00%,0.00%
School Curriculum and Standards Authority,225,173,64.90%,35.10%,49.8,56.2,52,1.80%,8.90%,6.20%,3.10%,3.10%,8.00%,12.90%,14.70%,12.40%,15.10%,10.00%,92678.9,99854,3.20%,19.90%,11.20%,4.30%,3.20%,10.40%,38.40%,5.90%,2.80%,0.60%,38.80%,7.90%,18.90%,6.20%,0.00%,0.00%,28.20%,0.00%,0.00%,13,127,10.20%,0.00%,0.00%,0.00%,0.00%,0.00%,0.00%,0.00%,0.00%,0.00%,100.00%,0.00%,12.80%,47.70%,1.20%,0.00%,38.40%,0.00%,0.00%,0.00%,8.3,7.4,26.40%,2.60%,1.80%,8.40%,3.50%,29.10%,11.50%,8.80%,1.30%,4.00%,1.30%,1.30%,146,64.90%,50.00%,0.00%,60.00%,50.00%,53.30%,91.2,10.70%,68.90%,167,74.20%,0,0.00%,N/A,152,67.60%,22,14.50%,82.3,162,72.00%,2,1.20%,97.2,0.00%,0.00%
The Library Board of Western Australia (State Library of Western Australia),187,157,72.20%,27.80%,52.8,46,51.7,1.10%,2.10%,5.30%,7.50%,5.90%,11.20%,12.30%,15.00%,15.50%,19.80%,0.00%,75029.2,71919,29.20%,16.70%,9.30%,7.00%,20.30%,9.50%,4.50%,1.90%,1.10%,0.60%,59.30%,29.60%,5.80%,4.20%,0.00%,1.10%,0.00%,0.00%,0.00%,11,181,6.10%,0.00%,0.00%,0.50%,0.00%,0.00%,0.00%,0.00%,0.00%,0.00%,99.50%,0.00%,14.10%,33.20%,10.70%,0.60%,36.20%,0.60%,4.50%,0.00%,13.7,9.9,6.90%,6.30%,6.30%,4.80%,3.70%,22.80%,10.10%,13.20%,8.50%,4.80%,6.90%,5.80%,135,72.20%,100.00%,0.00%,100.00%,85.70%,87.50%,109.8,3.20%,66.80%,165,88.20%,1,0.60%,188.3,164,87.70%,18,11.00%,39.8,142,75.90%,4,2.80%,26.6,0.00%,0.00%
Small Business Development Corporation,62,51,66.10%,33.90%,45.5,54.7,47.8,0.00%,1.60%,1.60%,16.10%,12.90%,11.30%,17.70%,12.90%,11.30%,8.10%,10.00%,99253.1,103271,1.20%,10.30%,8.50%,5.90%,13.20%,37.90%,15.10%,3.90%,0.00%,3.90%,62.90%,19.40%,4.80%,0.00%,0.00%,0.00%,12.90%,0.00%,0.00%,4,55,7.30%,0.00%,0.00%,0.00%,0.00%,0.00%,0.00%,0.00%,0.00%,0.00%,100.00%,0.00%,15.80%,64.90%,0.00%,0.00%,19.30%,0.00%,0.00%,0.00%,8.5,7.2,8.10%,6.50%,11.30%,9.70%,3.20%,35.50%,8.10%,8.10%,6.50%,3.20%,0.00%,0.00%,41,66.10%,50.00%,0.00%,50.00%,25.00%,37.50%,76.3,1.60%,56.50%,62,100.00%,3,4.80%,77.9,62,100.00%,6,9.70%,180.3,61,98.40%,0,0.00%,N/A,0.00%,0.00%
Swan River Trust,58,53,55.20%,44.80%,38.6,41.3,40,0.00%,0.00%,6.90%,17.20%,25.90%,15.50%,13.80%,12.10%,3.40%,5.20%,0.00%,94777.7,95459,1.90%,3.80%,17.30%,9.50%,16.30%,27.40%,16.80%,5.00%,0.00%,1.90%,60.30%,13.80%,20.70%,5.20%,0.00%,0.00%,0.00%,0.00%,0.00%,4,47,8.50%,0.00%,0.00%,0.00%,0.00%,0.00%,0.00%,0.00%,0.00%,0.00%,100.00%,0.00%,22.20%,49.10%,0.00%,0.00%,24.90%,0.00%,0.00%,3.80%,7.6,7.5,8.60%,1.70%,6.90%,10.30%,3.40%,51.70%,12.10%,1.70%,1.70%,0.00%,0.00%,1.70%,32,55.20%,0.00%,0.00%,100.00%,40.00%,50.00%,82.5,0.00%,34.50%,58,100.00%,2,3.40%,41.9,57,98.30%,6,10.50%,82,50,86.20%,0,0.00%,N/A,0.00%,0.00%
South West Development Commission,23,21,60.90%,39.10%,53.5,43.5,52.1,0.00%,0.00%,0.00%,8.70%,4.30%,21.70%,4.30%,21.70%,21.70%,13.00%,0.00%,99504.4,91701,3.80%,0.00%,10.40%,13.20%,30.20%,18.90%,4.70%,14.20%,0.00%,4.70%,78.30%,17.40%,0.00%,4.30%,0.00%,0.00%,0.00%,0.00%,0.00%,2,24,8.30%,0.00%,0.00%,0.00%,0.00%,0.00%,0.00%,0.00%,100.00%,0.00%,0.00%,0.00%,23.60%,13.20%,0.00%,0.00%,63.20%,0.00%,0.00%,0.00%,5.5,7.3,13.00%,8.70%,8.70%,8.70%,4.30%,52.20%,0.00%,4.30%,0.00%,0.00%,0.00%,0.00%,14,60.90%,0.00%,0.00%,50.00%,0.00%,50.00%,66.5,0.00%,65.20%,20,87.00%,0,0.00%,N/A,16,69.60%,0,0.00%,N/A,5,21.70%,1,20.00%,222.1,0.00%,0.00%
South West IT,342,254,67.00%,33.00%,48.6,51.5,49.9,0.00%,0.60%,3.20%,4.10%,9.40%,17.00%,16.10%,17.30%,19.00%,11.10%,0.00%,72040.5,66240,28.90%,11.50%,9.60%,10.40%,14.20%,21.40%,2.40%,1.20%,0.00%,0.40%,32.50%,16.50%,10.10%,7.80%,0.00%,0.00%,33.00%,0.00%,0.00%,37,206,18.00%,0.00%,0.00%,0.00%,0.00%,0.00%,0.00%,0.00%,100.00%,0.00%,0.00%,0.00%,9.10%,60.50%,8.10%,1.50%,20.40%,0.40%,0.00%,0.00%,7.3,5.4,22.00%,4.90%,5.20%,9.90%,7.00%,20.30%,17.10%,9.30%,3.20%,0.90%,0.30%,0.00%,229,67.00%,0.00%,0.00%,33.30%,55.60%,50.00%,76.1,0.60%,65.80%,300,87.70%,4,1.30%,63.8,312,91.20%,27,8.70%,84.2,302,88.30%,5,1.70%,78.8,0.00%,0.00%
Western Australian Tourism Commission,100,93,76.00%,24.00%,37.5,41.8,40,0.00%,2.00%,13.00%,24.00%,11.00%,14.00%,14.00%,13.00%,7.00%,2.00%,0.00%,103613.2,96552,0.00%,2.00%,13.30%,12.90%,17.50%,21.90%,13.30%,13.70%,1.10%,4.30%,64.00%,16.00%,18.00%,2.00%,0.00%,0.00%,0.00%,0.00%,0.00%,8,88,9.10%,0.00%,0.00%,0.00%,0.00%,0.00%,0.00%,0.00%,0.00%,0.00%,100.00%,0.00%,36.60%,37.50%,0.00%,0.00%,25.90%,0.00%,0.00%,0.00%,7.1,4.6,11.00%,12.00%,7.00%,9.00%,12.00%,29.00%,12.00%,2.00%,1.00%,2.00%,1.00%,2.00%,76,76.00%,50.00%,100.00%,71.40%,75.00%,74.20%,87.8,2.00%,36.00%,98,98.00%,1,1.00%,51.5,97,97.00%,9,9.30%,51.9,97,97.00%,0,0.00%,N/A,0.00%,0.00%
Department of Transport,1529,1403,57.20%,42.80%,43.7,49.1,45.6,0.30%,2.80%,9.50%,12.30%,11.20%,11.80%,11.60%,14.30%,12.80%,10.50%,0.00%,82528.2,74587,1.30%,28.10%,18.80%,15.60%,10.30%,12.40%,6.80%,4.00%,1.50%,1.10%,75.00%,13.60%,9.70%,1.60%,0.00%,0.00%,0.10%,0.00%,0.00%,83,1454,5.70%,0.60%,1.20%,1.30%,1.00%,1.80%,1.10%,1.50%,2.00%,0.00%,89.40%,0.00%,14.70%,21.90%,4.60%,0.00%,58.80%,0.00%,0.00%,0.00%,9.2,6.9,9.20%,5.60%,8.70%,8.60%,6.00%,31.80%,13.30%,6.50%,1.60%,4.30%,2.10%,2.50%,874,57.20%,26.30%,0.00%,50.00%,26.70%,29.40%,60.9,3.10%,52.10%,817,53.40%,13,1.60%,98.9,954,62.40%,195,20.40%,111.5,718,47.00%,23,3.20%,64.6,0.00%,0.00%
Department of Treasury,311,283,50.20%,49.80%,38.4,45.1,39.1,0.00%,4.80%,13.20%,19.60%,13.20%,10.60%,12.90%,11.30%,9.30%,3.50%,0.00%,113079.3,106917,0.00%,1.80%,12.80%,8.90%,11.70%,15.30%,18.90%,17.70%,2.50%,10.40%,68.50%,12.50%,18.00%,1.00%,0.00%,0.00%,0.00%,0.00%,0.00%,25,283,8.80%,0.00%,0.00%,0.00%,0.00%,0.00%,0.00%,0.00%,0.00%,0.00%,100.00%,0.00%,32.00%,40.70%,0.30%,0.00%,27.00%,0.00%,0.00%,0.00%,8.1,5.4,13.20%,10.00%,6.50%,9.40%,6.80%,27.40%,11.60%,5.20%,1.90%,3.20%,2.30%,2.60%,156,50.20%,25.00%,0.00%,0.00%,23.50%,20.00%,81.6,4.80%,38.60%,186,59.80%,2,1.10%,85.5,193,62.10%,45,23.30%,75.7,41,13.20%,4,9.80%,195.4,0.00%,0.00%
Venueswest,434,202,59.00%,41.00%,31.1,30,30.4,17.70%,21.20%,8.80%,12.20%,9.00%,10.40%,8.10%,7.10%,2.50%,1.80%,0.00%,61726.8,51524,35.30%,20.70%,13.60%,8.20%,5.10%,7.80%,3.40%,2.00%,3.00%,1.00%,20.60%,10.00%,5.70%,2.90%,0.00%,0.00%,60.80%,0.00%,0.00%,27,162,16.70%,0.00%,0.70%,0.00%,0.00%,0.00%,0.00%,0.00%,0.00%,0.00%,99.30%,0.00%,15.80%,10.60%,1.40%,32.30%,17.80%,7.50%,0.50%,14.10%,3.9,2.1,32.70%,15.00%,11.80%,6.10%,7.50%,16.30%,5.70%,4.30%,0.50%,0.20%,0.00%,0.00%,256,59.00%,0.00%,0.00%,12.50%,26.30%,22.20%,60.6,38.90%,20.70%,429,98.80%,0,0.00%,N/A,427,98.40%,77,18.00%,137.9,428,98.60%,4,0.90%,437.1,0.00%,0.00%
WA Musuem,250,210,62.40%,37.60%,45.1,52.3,47.9,0.00%,2.80%,7.20%,9.60%,10.40%,14.40%,10.40%,12.80%,13.60%,11.20%,10.00%,79805.5,74587,17.80%,13.00%,12.20%,9.80%,17.90%,9.80%,12.80%,4.80%,0.50%,1.40%,46.80%,21.00%,21.40%,9.50%,0.00%,0.00%,1.20%,0.00%,0.00%,18,189,9.50%,0.00%,3.20%,4.00%,0.00%,4.80%,0.00%,0.00%,0.00%,0.00%,88.00%,0.00%,16.90%,32.80%,12.60%,16.40%,18.00%,1.20%,0.00%,2.10%,10,6.6,12.70%,9.10%,7.50%,4.40%,4.40%,26.60%,15.50%,6.70%,3.20%,2.80%,1.60%,5.60%,156,62.40%,0.00%,0.00%,0.00%,33.30%,28.60%,79.1,2.80%,55.60%,214,85.60%,4,1.90%,125.9,213,85.20%,32,15.00%,67.6,193,77.20%,8,4.10%,45.2,0.00%,0.00%
Western Australian Electoral Commission,54,48,53.70%,46.30%,52.8,52.1,52.5,1.90%,0.00%,3.70%,13.00%,13.00%,5.60%,3.70%,22.20%,16.70%,7.40%,10.00%,87860.6,77751,5.40%,5.60%,24.60%,22.90%,14.50%,10.40%,4.20%,8.30%,0.00%,4.20%,75.90%,13.00%,5.60%,0.00%,0.00%,1.90%,3.70%,0.00%,0.00%,3,51,5.90%,0.00%,0.00%,0.00%,0.00%,0.00%,0.00%,0.00%,0.00%,0.00%,100.00%,0.00%,16.60%,24.90%,2.10%,0.00%,54.30%,0.00%,2.10%,0.00%,10.2,7.4,7.40%,16.70%,5.60%,0.00%,7.40%,27.80%,11.10%,7.40%,9.30%,0.00%,3.70%,3.70%,29,53.70%,0.00%,0.00%,25.00%,33.30%,28.60%,52.4,1.90%,63.00%,54,100.00%,0,0.00%,N/A,54,100.00%,11,20.40%,29.9,54,100.00%,0,0.00%,N/A,0.00%,0.00%
Department of the Registrar Western Australian Industrial Relations Commission,36,32,63.90%,36.10%,44,43.8,43.9,0.00%,5.60%,8.30%,5.60%,11.10%,25.00%,13.90%,11.10%,16.70%,2.80%,0.00%,84943.9,71919,0.00%,22.20%,33.00%,12.10%,15.90%,4.80%,5.70%,3.20%,0.00%,3.20%,72.20%,22.20%,0.00%,5.60%,0.00%,0.00%,0.00%,0.00%,0.00%,6,41,14.60%,0.00%,0.00%,0.00%,0.00%,0.00%,0.00%,0.00%,0.00%,0.00%,100.00%,0.00%,12.70%,18.40%,8.20%,0.00%,60.70%,0.00%,0.00%,0.00%,11.4,7.6,11.10%,8.30%,5.60%,8.30%,5.60%,13.90%,16.70%,11.10%,0.00%,8.30%,11.10%,0.00%,23,63.90%,100.00%,100.00%,100.00%,80.00%,85.70%,129.6,5.60%,44.40%,36,100.00%,0,0.00%,N/A,36,100.00%,5,13.90%,26.8,36,100.00%,4,11.10%,127.2,0.00%,0.00%
Department of Water,516,456,51.00%,49.00%,39.4,44.3,41.5,0.60%,1.70%,8.10%,15.70%,19.00%,13.20%,12.60%,8.70%,11.80%,6.40%,0.00%,96560,91701,0.20%,4.60%,11.00%,15.80%,20.30%,19.60%,15.90%,10.30%,1.10%,1.10%,72.50%,19.20%,7.40%,0.60%,0.40%,0.00%,0.00%,0.00%,0.00%,18,491,3.70%,1.20%,0.00%,2.70%,2.90%,1.70%,4.30%,0.60%,8.90%,0.00%,77.70%,0.00%,12.00%,65.60%,1.30%,0.00%,21.00%,0.00%,0.00%,0.00%,10.6,8.6,12.20%,1.70%,5.00%,4.80%,3.90%,35.50%,14.70%,10.50%,2.90%,1.70%,3.30%,3.70%,263,51.00%,12.50%,0.00%,20.00%,20.00%,20.00%,80.3,2.30%,41.70%,338,65.50%,5,1.50%,315.9,360,69.80%,51,14.20%,123.3,48,9.30%,5,10.40%,37.7,0.00%,0.00%
West Coast IT,352,283,60.50%,39.50%,47,48.1,47.6,0.90%,3.40%,3.10%,6.30%,12.80%,14.50%,17.90%,16.80%,11.60%,9.40%,0.00%,78848.4,80523,17.50%,10.90%,9.60%,11.40%,23.40%,21.50%,3.20%,1.40%,0.70%,0.40%,46.00%,16.20%,11.60%,4.80%,0.00%,0.00%,21.30%,0.00%,0.00%,43,262,16.40%,0.00%,0.00%,0.00%,0.00%,0.00%,0.00%,0.00%,0.00%,0.00%,100.00%,0.00%,6.40%,67.90%,5.10%,1.30%,17.50%,0.00%,0.00%,1.80%,7,4.9,16.50%,7.70%,6.00%,7.40%,13.10%,27.90%,8.80%,6.00%,3.40%,2.30%,0.90%,0.00%,213,60.50%,50.00%,100.00%,20.00%,66.70%,52.90%,87.6,4.30%,59.10%,339,96.30%,2,0.60%,98.3,342,97.20%,41,12.00%,53.5,340,96.60%,7,2.10%,56,0.00%,0.00%
WorkCover,148,134,58.80%,41.20%,46.7,46.3,46.5,1.40%,4.10%,8.80%,14.20%,6.80%,9.50%,11.50%,18.20%,12.80%,9.50%,0.00%,92555.1,78826,2.30%,11.50%,22.20%,12.90%,17.10%,8.50%,8.90%,8.20%,1.90%,6.40%,75.70%,11.50%,7.40%,2.70%,0.70%,0.00%,2.00%,0.00%,0.00%,8,137,5.80%,0.00%,0.00%,0.00%,0.00%,0.00%,0.00%,0.00%,0.00%,0.00%,100.00%,0.00%,18.30%,26.30%,0.70%,0.00%,54.60%,0.00%,0.00%,0.00%,8.9,5.8,7.40%,8.80%,10.80%,10.10%,6.80%,28.40%,7.40%,4.10%,8.80%,4.70%,1.40%,1.40%,87,58.80%,50.00%,100.00%,25.00%,33.30%,31.30%,69.4,5.40%,55.40%,148,100.00%,6,4.10%,36.7,148,100.00%,19,12.80%,66.4,147,99.30%,10,6.80%,24.1,0.00%,0.00%
